,site,trap,X,Y,V1,V2,V3,V4,V5,V6,V7,V8,V9,V10
1,RDSA,1,315394.909,9730340.44,0,0,0,0,0,NA,NA,NA,NA,NA
2,RDSA,2,318492.612,9722052.036,0,0,0,0,0,NA,NA,NA,NA,NA
3,RDSA,3,318153.76,9726243.605,0,0,0,0,0,NA,NA,NA,NA,NA
4,RDSA,4,316696.556,9721126.452,0,0,0,0,0,NA,NA,NA,NA,NA
5,RDSA,5,321291.624,9721334.553,0,1,0,0,0,NA,NA,NA,NA,NA
6,RDSA,6,313778.787,9725956.166,0,1,0,0,0,NA,NA,NA,NA,NA
7,RDSA,7,313053.383,9727914.726,0,1,0,0,0,NA,NA,NA,NA,NA
8,RDSA,8,316660.408,9725108.329,1,0,0,0,0,NA,NA,NA,NA,NA
9,RDSA,9,318889.929,9724510.662,0,1,0,0,0,NA,NA,NA,NA,NA
10,RDSA,10,319684.287,9720695.638,0,0,1,0,0,NA,NA,NA,NA,NA
11,RDSA,11,315033.119,9724364.303,0,0,0,0,0,NA,NA,NA,NA,NA
12,RDSA,12,320406.766,9724625.318,0,0,1,1,0,NA,NA,NA,NA,NA
13,RDSA,13,313699.711,9729584.186,0,0,1,0,0,NA,NA,NA,NA,NA
14,RDSA,14,318273.071,9729624.103,0,0,1,0,0,NA,NA,NA,NA,NA
15,RDSA,15,317418.753,9723449.5,0,0,0,0,0,NA,NA,NA,NA,NA
16,RDSA,16,319830.791,9726342.972,NA,NA,NA,NA,0,0,0,0,0,NA
17,RDSA,17,316708.783,9729151.128,1,0,1,1,1,NA,NA,NA,NA,NA
18,RDSA,18,315110.361,9728400.534,0,1,0,0,0,NA,NA,NA,NA,NA
19,RDSA,19,320299.945,9722861.492,0,0,0,0,0,NA,NA,NA,NA,NA
20,RDSA,20,321830.944,9723196.206,NA,NA,NA,NA,0,0,1,1,NA,NA
21,RDSA,21,319149.368,9727886.898,0,0,0,0,0,NA,NA,NA,NA,NA
22,RDSA,22,315545.918,9722535.976,0,0,0,0,0,NA,NA,NA,NA,NA
23,RDSA,23,315657.47,9726689.455,0,0,0,0,0,NA,NA,NA,NA,NA
24,RDSA,24,317939.532,9719676.136,0,0,0,0,0,NA,NA,NA,NA,NA
25,RDSA,25,317089.865,9727670.957,0,0,0,0,0,NA,NA,NA,NA,NA
26,RDSA,26,316955.662,9730992.555,0,1,0,0,0,NA,NA,NA,NA,NA
27,RDSA,27,323485.38,9725382.072,NA,NA,NA,NA,0,0,0,0,0,NA
28,RDSA,28,320304.211,9730320.981,NA,NA,NA,NA,0,1,0,0,NA,NA
29,RDSA,29,321458.168,9725192.75,NA,NA,NA,NA,0,0,0,0,NA,NA
30,RDSA,30,320932.309,9728709.535,NA,NA,NA,NA,0,0,0,0,NA,NA
31,RDSA,31,321329.101,9727074.595,NA,NA,NA,NA,1,0,0,0,NA,NA
32,RDSA,32,323615.765,9721482.255,NA,NA,NA,NA,0,0,1,1,NA,NA
33,RDSA,33,311964.166,9729076.657,0,0,0,1,0,NA,NA,NA,NA,NA
34,RDSA,34,320772.356,9732258.836,NA,NA,NA,NA,0,0,0,0,0,NA
35,RDSA,35,326877.116,9725610.57,NA,NA,NA,NA,0,1,0,0,0,NA
36,RDSA,36,323139.921,9727818.73,NA,NA,NA,NA,0,1,0,0,0,NA
37,RDSA,37,322783.046,9729577.555,NA,NA,NA,NA,0,1,0,0,0,NA
38,RDSA,38,325787.259,9721855.304,NA,NA,NA,NA,0,0,0,0,0,NA
39,RDSA,39,325689.396,9723711.721,NA,NA,NA,NA,0,0,1,0,0,NA
40,RDSA,40,325437.035,9725503.823,NA,NA,NA,NA,1,0,0,0,0,NA
41,RDSA,41,323333.611,9732379.068,NA,NA,NA,NA,0,1,0,1,0,NA
42,RDSA,42,324135.035,9730875.087,NA,NA,NA,NA,0,1,0,0,0,NA
43,RDSA,43,322238.134,9731405.824,NA,NA,NA,NA,0,0,0,0,0,NA
44,RDSA,44,324571.002,9728985.883,NA,NA,NA,NA,0,0,0,0,0,NA
45,RDSA,45,326716.905,9727560.894,NA,NA,NA,NA,0,0,1,0,0,NA
46,RDSA,46,326352.212,9729388.246,NA,NA,NA,NA,0,1,1,0,0,NA
47,RDSA,47,324971.244,9727214.957,NA,NA,NA,NA,0,0,0,0,0,NA
48,RDSA,48,323604.48,9723451.579,NA,NA,NA,NA,0,0,0,0,NA,NA
49,RDSA,49,319021.237,9731749.195,NA,NA,NA,NA,0,0,0,0,NA,NA
50,RDSA,50,326205.472,9730288.144,NA,NA,NA,NA,0,0,0,0,0,NA
51,REMJ,1012,2658220.534,1416291.545,0,0,0,NA,NA,NA,NA,NA,NA,NA
52,REMJ,1013,2658571.131,1416731.194,0,0,0,NA,NA,NA,NA,NA,NA,NA
53,REMJ,1014,2659519.256,1418075.44,0,0,0,NA,NA,NA,NA,NA,NA,NA
54,REMJ,1015,2661110.757,1419980.908,0,0,0,NA,NA,NA,NA,NA,NA,NA
55,REMJ,1021,2649580.947,1414550.082,0,0,0,NA,NA,NA,NA,NA,NA,NA
56,REMJ,1022,2649782.534,1414567.078,0,0,0,NA,NA,NA,NA,NA,NA,NA
57,REMJ,1023,2650348.255,1414732.262,0,0,0,NA,NA,NA,NA,NA,NA,NA
58,REMJ,1024,2651925.096,1415176.217,0,0,0,NA,NA,NA,NA,NA,NA,NA
59,REMJ,1025,2653964.135,1416326.874,0,0,0,NA,NA,NA,NA,NA,NA,NA
60,REMJ,1031,2665357.13,1417991.748,1,0,0,NA,NA,NA,NA,NA,NA,NA
61,REMJ,1032,2665373.687,1418143.862,0,0,0,NA,NA,NA,NA,NA,NA,NA
62,REMJ,1033,2665541.748,1418539.442,0,0,0,NA,NA,NA,NA,NA,NA,NA
63,REMJ,1034,2666046.558,1419734.121,0,0,0,NA,NA,NA,NA,NA,NA,NA
64,REMJ,1035,2667089.223,1421627.175,0,0,0,NA,NA,NA,NA,NA,NA,NA
65,REMJ,1041,2667425.11,1419077.714,0,0,0,NA,NA,NA,NA,NA,NA,NA
66,REMJ,1042,2667718.505,1419257.1,0,0,0,NA,NA,NA,NA,NA,NA,NA
67,REMJ,1043,2668291.797,1419481.63,0,0,0,NA,NA,NA,NA,NA,NA,NA
68,REMJ,1044,2670079.727,1420658.732,0,0,0,NA,NA,NA,NA,NA,NA,NA
69,REMJ,1045,2672732.978,1422410.684,0,0,0,NA,NA,NA,NA,NA,NA,NA
70,REMJ,1051,2644623.022,1399653.624,1,0,0,NA,NA,NA,NA,NA,NA,NA
71,REMJ,1052,2644268.784,1399412.87,1,0,0,NA,NA,NA,NA,NA,NA,NA
72,REMJ,1053,2643689.007,1399048.191,0,0,0,NA,NA,NA,NA,NA,NA,NA
73,REMJ,1054,2641924.205,1397843.475,1,0,0,NA,NA,NA,NA,NA,NA,NA
74,REMJ,1061,2633274.048,1396967.514,0,0,0,NA,NA,NA,NA,NA,NA,NA
75,REMJ,1062,2633034.989,1396794.038,0,0,1,NA,NA,NA,NA,NA,NA,NA
76,REMJ,1063,2632479.17,1396357.685,1,0,1,NA,NA,NA,NA,NA,NA,NA
77,REMJ,1064,2631788.731,1395479.843,0,0,0,NA,NA,NA,NA,NA,NA,NA
78,REMJ,1065,2632074.851,1395416.456,0,0,0,NA,NA,NA,NA,NA,NA,NA
79,REMJ,2011,2711924.609,1431968.51,NA,NA,NA,0,0,0,NA,NA,NA,NA
80,REMJ,2012,2712185.994,1432166.675,NA,NA,NA,0,0,0,NA,NA,NA,NA
81,REMJ,2013,2712696.734,1432536.726,NA,NA,NA,0,0,0,NA,NA,NA,NA
82,REMJ,2014,2714456.573,1433792.249,NA,NA,NA,0,0,0,NA,NA,NA,NA
83,REMJ,2015,2716594.225,1435332.396,NA,NA,NA,0,0,0,NA,NA,NA,NA
84,REMJ,2021,2705205.791,1431106.927,NA,NA,NA,0,0,1,NA,NA,NA,NA
85,REMJ,2022,2705210.256,1431252.137,NA,NA,NA,0,0,1,NA,NA,NA,NA
86,REMJ,2023,2705245.092,1431658.094,NA,NA,NA,0,0,0,NA,NA,NA,NA
87,REMJ,2024,2705964.2,1432873.702,NA,NA,NA,0,0,0,NA,NA,NA,NA
88,REMJ,2031,2682336.847,1411256.814,NA,NA,NA,0,0,1,NA,NA,NA,NA
89,REMJ,2032,2682104.255,1411076.502,NA,NA,NA,0,0,NA,NA,NA,NA,NA
90,REMJ,2033,2682172.942,1410701.393,NA,NA,NA,0,0,0,NA,NA,NA,NA
91,REMJ,2034,2682049.792,1409691.248,NA,NA,NA,0,0,0,NA,NA,NA,NA
92,REMJ,2035,2684403.335,1409736.522,NA,NA,NA,1,0,0,NA,NA,NA,NA
93,REMJ,2041,2681376.535,1410112.431,NA,NA,NA,0,0,0,NA,NA,NA,NA
94,REMJ,2042,2681314.925,1409952.733,NA,NA,NA,NA,NA,0,0,0,0,NA
95,REMJ,2043,2681257.881,1409598.291,NA,NA,NA,0,NA,0,1,0,1,NA
96,REMJ,2044,2681319.308,1408681.886,NA,NA,NA,0,0,0,NA,NA,NA,NA
97,REMJ,2051,2677944.514,1408525.452,NA,NA,NA,0,0,0,NA,NA,NA,NA
98,REMJ,2052,2677878.142,1408337.522,NA,NA,NA,0,0,0,NA,NA,NA,NA
99,REMJ,2053,2677547.701,1407892.594,NA,NA,NA,0,0,0,NA,NA,NA,NA
100,REMJ,2054,2676665.759,1406589.443,NA,NA,NA,0,0,NA,NA,NA,NA,NA
101,REMJ,2055,2676207.853,1404851.291,NA,NA,NA,0,0,0,NA,NA,NA,NA
102,REMJ,2061,2673208.1,1405564.441,NA,NA,NA,0,0,0,0,NA,NA,NA
103,REMJ,2062,2673440.584,1405596.646,NA,NA,NA,0,1,0,0,NA,NA,NA
104,REMJ,2063,2673935.585,1405690.745,NA,NA,NA,0,0,0,0,NA,NA,NA
105,REMJ,2064,2674217.242,1404804.454,NA,NA,NA,0,0,0,0,NA,NA,NA
106,REMJ,2065,2674490.927,1403498.229,NA,NA,NA,0,0,0,0,NA,NA,NA
107,REMJ,2071,2671473.592,1405645.05,NA,NA,NA,0,0,0,NA,NA,NA,NA
108,REMJ,2072,2671318.992,1405663.93,NA,NA,NA,0,0,0,0,NA,NA,NA
109,REMJ,2073,2670906.46,1405665.257,NA,NA,NA,0,0,0,0,NA,NA,NA
110,REMJ,2074,2669520.265,1405517.549,NA,NA,NA,0,0,0,0,NA,NA,NA
111,REMJ,2081,2655966.915,1402135.998,NA,NA,NA,0,1,0,0,NA,NA,NA
112,REMJ,2082,2655736.928,1401957.688,NA,NA,NA,0,0,0,0,NA,NA,NA
113,REMJ,2083,2655159.391,1401641.31,NA,NA,NA,0,0,1,0,NA,NA,NA
114,REMJ,2084,2653263.632,1400527.496,NA,NA,NA,0,0,0,0,NA,NA,NA
115,REMJ,2091,2661038.379,1401964.62,NA,NA,NA,0,0,0,NA,NA,NA,NA
116,REMJ,2092,2660763.757,1401858.642,NA,NA,NA,0,1,0,0,NA,NA,NA
117,REMJ,2093,2660173.191,1401494.027,NA,NA,NA,0,0,0,0,NA,NA,NA
118,REMJ,2094,2658384.813,1400443.505,NA,NA,NA,0,0,0,0,NA,NA,NA
119,REMJ,2095,2656332.099,1398984.999,NA,NA,NA,0,0,0,0,NA,NA,NA
120,REMJ,2101,2669850.274,1418032.075,NA,NA,NA,0,1,NA,NA,NA,NA,NA
121,REMJ,2102,2670012.618,1418180.072,NA,NA,NA,0,1,1,0,NA,NA,NA
122,REMJ,3011,2703757.445,1409134.423,NA,NA,NA,NA,NA,NA,0,0,0,NA
123,REMJ,3012,2703530.259,1408950.019,NA,NA,NA,NA,NA,NA,0,0,0,NA
124,REMJ,3013,2702987.174,1408508.465,NA,NA,NA,NA,NA,NA,0,0,0,NA
125,REMJ,3014,2701401.165,1407188.906,NA,NA,NA,NA,NA,NA,0,0,0,NA
126,REMJ,3015,2699292.724,1405147.43,NA,NA,NA,NA,NA,NA,0,1,0,NA
127,REMJ,3021,2706369.656,1413513.791,NA,NA,NA,NA,NA,NA,0,0,0,NA
128,REMJ,3022,2706597.638,1413572.608,NA,NA,NA,NA,NA,NA,0,0,0,NA
129,REMJ,3023,2707024.953,1413608.226,NA,NA,NA,NA,NA,NA,0,0,0,NA
130,REMJ,3024,2708408.778,1413721.254,NA,NA,NA,NA,NA,NA,0,0,0,NA
131,REMJ,3025,2710620.297,1414016.139,NA,NA,NA,NA,NA,NA,0,0,0,NA
132,REMJ,3031,2702885.811,1413130.522,NA,NA,NA,NA,NA,NA,0,0,0,NA
133,REMJ,3032,2702624.502,1413017.471,NA,NA,NA,NA,NA,NA,0,0,0,NA
134,REMJ,3033,2701978.852,1412572.372,NA,NA,NA,NA,NA,NA,0,0,0,NA
135,REMJ,3034,2700122.598,1411569.517,NA,NA,NA,NA,NA,NA,0,0,0,NA
136,REMJ,3035,2697471.029,1410023.914,NA,NA,NA,NA,NA,NA,0,0,0,NA
137,REMJ,3041,2699145.882,1415358.002,NA,NA,NA,NA,NA,NA,0,0,0,NA
138,REMJ,3042,2698976.118,1415157.626,NA,NA,NA,NA,NA,NA,0,0,0,NA
139,REMJ,3043,2698676.684,1414740.98,NA,NA,NA,NA,NA,NA,0,0,0,NA
140,REMJ,3044,2697419.086,1413311.9,NA,NA,NA,NA,NA,NA,0,0,0,NA
141,REMJ,3045,2695764.021,1411278.904,NA,NA,NA,NA,NA,NA,0,0,0,NA
142,REMJ,3051,2715444.646,1418592,NA,NA,NA,NA,NA,NA,0,0,NA,NA
143,REMJ,3052,2715562.665,1418518.727,NA,NA,NA,NA,NA,NA,0,0,0,0
144,REMJ,3053,2715758.665,1418314.69,NA,NA,NA,NA,NA,NA,0,0,0,0
145,REMJ,3054,2716718.311,1417988.423,NA,NA,NA,NA,NA,NA,0,0,0,0
146,REMJ,3055,2717932.34,1417363.922,NA,NA,NA,NA,NA,NA,0,1,0,0
147,REMJ,3061,2585211.719,1396049.348,NA,NA,NA,NA,NA,NA,NA,0,0,0
148,REMJ,3062,2585076.371,1395845.807,NA,NA,NA,NA,NA,NA,NA,0,0,0
149,REMJ,3063,2584422.286,1395800.622,NA,NA,NA,NA,NA,NA,NA,0,0,0
150,REMJ,3064,2582988.908,1395578.408,NA,NA,NA,NA,NA,NA,NA,0,0,0
151,REMJ,3065,2581375.217,1395450.318,NA,NA,NA,NA,NA,NA,NA,1,0,0
152,REMJ,3071,2598293.149,1403063.893,NA,NA,NA,NA,NA,NA,NA,0,0,0
153,REMJ,3072,2598553.487,1403265.63,NA,NA,NA,NA,NA,NA,NA,0,1,0
154,REMJ,3073,2599091.108,1403636.931,NA,NA,NA,NA,NA,NA,NA,0,0,0
155,REMJ,3074,2600846.908,1404874.818,NA,NA,NA,NA,NA,NA,NA,0,0,0
156,REMJ,3075,2603546.128,1406520.532,NA,NA,NA,NA,NA,NA,NA,0,0,1
157,REMJ,3081,2589789.903,1392683.717,NA,NA,NA,NA,NA,NA,NA,0,0,0
158,REMJ,3082,2589706.583,1392495.195,NA,NA,NA,NA,NA,NA,NA,0,0,0
159,REMJ,3083,2589413.594,1392041.904,NA,NA,NA,NA,NA,NA,NA,0,0,0
160,REMJ,3084,2589169.535,1390974.015,NA,NA,NA,NA,NA,NA,NA,0,1,0
161,REMJ,3085,2588803.552,1389411.699,NA,NA,NA,NA,NA,NA,NA,0,0,0
162,REMJ,3091,2605655.822,1396693.75,NA,NA,NA,NA,NA,NA,NA,0,0,0
163,REMJ,3092,2605878.74,1396911.425,NA,NA,NA,NA,NA,NA,NA,0,0,0
164,REMJ,3093,2606389.872,1397453.549,NA,NA,NA,NA,NA,NA,NA,0,0,0
165,REMJ,3094,2607281.169,1399012.623,NA,NA,NA,NA,NA,NA,NA,1,1,1
166,REMJ,4011,2593238.204,1384858.305,NA,NA,NA,NA,0,0,0,0,0,0
167,REMJ,4012,2593170.417,1384673.688,NA,NA,NA,NA,0,0,0,0,0,0
168,REMJ,4013,2592862.695,1384257.831,NA,NA,NA,NA,0,0,0,0,0,0
169,REMJ,4014,2591648.176,1382867.904,NA,NA,NA,NA,0,1,0,0,0,0
170,REMJ,4015,2589934.351,1380835.289,NA,NA,NA,NA,0,0,0,0,0,0
171,REMJ,4022,2605692.428,1386972.003,NA,NA,NA,NA,0,0,0,0,NA,NA
172,REMJ,4023,2605380.597,1386510.95,NA,NA,NA,NA,0,0,0,0,NA,NA
173,REMJ,4024,2603347.565,1385149.575,NA,NA,NA,NA,0,0,1,0,NA,NA
174,REMJ,4031,2624207.84,1403840.615,NA,NA,NA,NA,NA,0,0,0,NA,NA
175,REMJ,4032,2624061.318,1403893.027,NA,NA,NA,NA,NA,0,0,0,NA,NA
176,REMJ,4033,2623940.039,1404114.569,NA,NA,NA,NA,NA,0,0,0,NA,NA
177,REMJ,4034,2624686.006,1405465.615,NA,NA,NA,NA,NA,0,0,0,NA,NA
178,REMJ,4035,2625787.168,1407401.752,NA,NA,NA,NA,NA,0,0,0,NA,NA
179,REMJ,4041,2635179.587,1405998.619,NA,NA,NA,NA,NA,0,0,0,NA,NA
180,REMJ,4042,2635122.745,1406101.335,NA,NA,NA,NA,NA,1,0,0,NA,NA
181,REMJ,4043,2635177.619,1406457.803,NA,NA,NA,NA,NA,0,0,0,NA,NA
182,REMJ,4044,2635828.159,1407707.155,NA,NA,NA,NA,NA,1,0,0,NA,NA
183,REMJ,4045,2635007.646,1408702.565,NA,NA,NA,NA,NA,0,0,0,NA,NA
184,REMJ,4051,2625327.272,1395301.744,NA,NA,NA,NA,NA,0,0,0,NA,NA
185,REMJ,4053,2624696.439,1394646.38,NA,NA,NA,NA,NA,0,0,0,NA,NA
186,REMJ,4054,2623854.282,1393353.044,NA,NA,NA,NA,NA,NA,0,0,0,NA
187,REMJ,5011,2583859.537,1386449.161,0,0,0,NA,NA,NA,NA,NA,NA,NA
188,REMJ,5012,2583613.459,1386334.492,0,1,1,NA,NA,NA,NA,NA,NA,NA
189,REMJ,5013,2583107.138,1385875.616,0,0,0,NA,NA,NA,NA,NA,NA,NA
190,REMJ,5014,2581299.087,1384750.617,0,0,0,NA,NA,NA,NA,NA,NA,NA
191,REMJ,5015,2578605.4,1383085.57,0,0,0,NA,NA,NA,NA,NA,NA,NA
192,REMJ,5021,2586204.971,1385160.638,0,0,0,NA,NA,NA,NA,NA,NA,NA
193,REMJ,5022,2585968.832,1384991.264,0,0,0,NA,NA,NA,NA,NA,NA,NA
194,REMJ,5023,2585369.105,1384565.254,1,0,0,NA,NA,NA,NA,NA,NA,NA
195,REMJ,5024,2583700.221,1383293.535,0,0,0,NA,NA,NA,NA,NA,NA,NA
196,REMJ,5025,2581824.434,1381686.27,0,0,0,NA,NA,NA,NA,NA,NA,NA
197,REMJ,5031,2645985.798,1415207.918,0,0,0,NA,NA,NA,NA,NA,NA,NA
198,REMJ,5032,2645890.659,1415282.015,0,0,0,NA,NA,NA,NA,NA,NA,NA
199,REMJ,5033,2645154.584,1414915.324,0,0,0,NA,NA,NA,NA,NA,NA,NA
200,REMJ,5034,2643898.666,1414522.699,0,0,0,NA,NA,NA,NA,NA,NA,NA
201,REMJ,5035,2642601.371,1413969.417,0,0,0,NA,NA,NA,NA,NA,NA,NA
202,REMJ,5041,2649035.626,1415802.731,0,0,0,NA,NA,NA,NA,NA,NA,NA
203,REMJ,5042,2649309.767,1415936.942,0,0,0,NA,NA,NA,NA,NA,NA,NA
204,REMJ,5043,2649865.262,1416347.603,0,0,0,NA,NA,NA,NA,NA,NA,NA
205,REMJ,5044,2651576.287,1417608.822,0,0,0,NA,NA,NA,NA,NA,NA,NA
206,REMJ,5045,2654377.208,1419103.204,0,0,0,NA,NA,NA,NA,NA,NA,NA
207,REMJ,5052,2663374.334,1402858.69,0,0,0,1,0,NA,NA,NA,NA,NA
208,REMJ,5053,2663321.272,1402507.714,0,0,0,0,0,NA,NA,NA,NA,NA
209,REMJ,5054,2663039.928,1401671.545,0,0,0,1,0,NA,NA,NA,NA,NA
210,REMJ,5055,2662451.876,1400398.65,0,0,1,0,0,NA,NA,NA,NA,NA
211,REMJ,5061,2672558.224,1405703.734,0,0,0,0,0,NA,NA,NA,NA,NA
212,REMJ,5062,2672331.042,1405505.956,0,0,0,0,0,NA,NA,NA,NA,NA
213,REMJ,5063,2671865.604,1405053.061,0,0,NA,NA,NA,NA,NA,NA,NA,NA
214,REMJ,5064,2670632.941,1403704.815,0,0,1,0,0,NA,NA,NA,NA,NA
215,REMJ,5065,2668379.072,1401637.171,0,0,0,0,0,NA,NA,NA,NA,NA
216,REMJ,5072,2679612.439,1408326.106,0,0,0,0,0,NA,NA,NA,NA,NA
217,REMJ,5073,2679769.744,1408114.181,0,1,0,0,0,NA,NA,NA,NA,NA
218,REMJ,5074,2679492.683,1406971.052,0,0,0,0,0,NA,NA,NA,NA,NA
219,REMJ,5075,2679088.963,1405343.705,0,0,0,0,0,NA,NA,NA,NA,NA
220,REMJ,5081,2688630.033,1413831.324,0,0,0,NA,NA,NA,NA,NA,NA,NA
221,REMJ,5082,2688461.421,1413642.069,0,0,0,0,0,NA,NA,NA,NA,NA
222,REMJ,5083,2688133.877,1413189.616,0,0,1,0,0,NA,NA,NA,NA,NA
223,REMJ,5084,2687296.713,1411906.717,0,0,0,0,0,NA,NA,NA,NA,NA
224,REMJ,5085,2687187.012,1410319.202,0,0,0,0,0,NA,NA,NA,NA,NA
225,REMJ,5091,2710776.752,1432128.802,0,0,0,0,0,NA,NA,NA,NA,NA
226,REMJ,5092,2710891.307,1432328.076,0,0,0,0,0,NA,NA,NA,NA,NA
227,REMJ,5093,2711193.931,1432784.457,0,0,0,0,0,NA,NA,NA,NA,NA
228,REMJ,5094,2712841.559,1434160.085,0,0,0,0,0,NA,NA,NA,NA,NA
229,REMJ,5095,2715360.175,1436131.849,0,0,0,0,0,NA,NA,NA,NA,NA
230,REMJ,5101,2700345.589,1414894.662,0,0,0,0,0,NA,NA,NA,NA,NA
231,REMJ,5102,2700125.969,1414719.01,0,0,0,0,0,NA,NA,NA,NA,NA
232,REMJ,5103,2699788.079,1414247.143,0,0,0,0,0,NA,NA,NA,NA,NA
233,REMJ,5104,2698890.552,1412881.98,0,0,0,0,0,NA,NA,NA,NA,NA
234,Uatuma,7011,3548426.603,1778886.505,NA,NA,NA,NA,NA,NA,0,0,0,NA
235,Uatuma,7012,3548642.794,1778883.518,NA,NA,NA,NA,NA,NA,0,0,0,NA
236,Uatuma,7013,3548968.396,1778924.457,NA,NA,NA,NA,NA,NA,0,0,0,NA
237,Uatuma,7014,3551135.095,1779328.603,NA,NA,NA,NA,NA,NA,0,0,0,NA
238,Uatuma,7015,3553945.668,1779860.347,NA,NA,NA,NA,NA,NA,0,0,0,NA
239,Uatuma,7021,3556253.124,1788655.205,NA,NA,NA,NA,NA,NA,0,0,0,NA
240,Uatuma,7022,3556405.292,1788558.919,NA,NA,NA,NA,NA,NA,0,0,0,NA
241,Uatuma,7023,3556723.153,1788313.877,NA,NA,NA,NA,NA,NA,0,0,0,NA
242,Uatuma,7025,3557823.814,1786843.994,NA,NA,NA,NA,NA,NA,0,0,0,NA
243,Uatuma,7031,3567492.184,1799973.689,NA,NA,NA,NA,NA,NA,0,0,0,NA
244,Uatuma,7032,3567449.757,1799776.81,NA,NA,NA,NA,NA,NA,0,0,0,NA
245,Uatuma,7033,3567501.357,1799359.39,NA,NA,NA,NA,NA,NA,0,0,0,NA
246,Uatuma,7034,3567448.121,1798397.274,NA,NA,NA,NA,NA,NA,0,1,0,NA
247,Uatuma,7035,3568244.955,1797105.253,NA,NA,NA,NA,NA,NA,1,1,0,NA
248,Uatuma,7041,3577356.042,1819004.294,NA,NA,NA,NA,NA,NA,0,0,0,NA
249,Uatuma,7042,3577343.642,1819191.013,NA,NA,NA,NA,NA,NA,0,0,0,NA
250,Uatuma,7045,3576429.665,1822159.255,NA,NA,NA,NA,NA,NA,0,0,0,NA
251,Uatuma,7051,3599372.823,1835128.73,NA,NA,NA,NA,NA,NA,0,0,0,NA
252,Uatuma,7052,3599583.949,1835288.853,NA,NA,NA,NA,NA,NA,0,0,0,NA
253,Uatuma,7053,3600043.349,1835693.773,NA,NA,NA,NA,NA,NA,0,0,0,NA
254,Uatuma,7054,3601182.275,1837128.873,NA,NA,NA,NA,NA,NA,0,0,0,NA
255,Uatuma,7061,3617187.323,1848616.266,NA,NA,NA,NA,NA,NA,0,0,0,NA
256,Uatuma,7062,3617147.447,1848815.505,NA,NA,NA,NA,NA,NA,0,0,0,NA
257,Uatuma,7063,3616898.656,1849115.193,NA,NA,NA,NA,NA,NA,0,0,0,NA
258,Uatuma,7064,3615998.955,1849912.558,NA,NA,NA,NA,NA,NA,0,0,0,NA
259,Uatuma,7071,3619676.637,1836691.497,NA,NA,NA,NA,NA,NA,0,0,0,0
260,Uatuma,7072,3619926.34,1836696.643,NA,NA,NA,NA,NA,NA,0,0,0,0
261,Uatuma,7073,3620566.04,1836780.853,NA,NA,NA,NA,NA,NA,0,0,0,0
262,Uatuma,7074,3622300.054,1836972.365,NA,NA,NA,NA,NA,NA,0,0,NA,NA
263,Uatuma,7075,3625373.001,1837905.775,NA,NA,NA,NA,NA,NA,0,0,0,0
264,Uatuma,7081,3658466.09,1875591.486,NA,NA,NA,NA,NA,NA,0,0,0,0
265,Uatuma,7082,3658490.22,1875398.471,NA,NA,NA,NA,NA,NA,0,0,1,0
266,Uatuma,7083,3658548.449,1874993.4,NA,NA,NA,NA,NA,NA,0,0,0,0
267,Uatuma,7084,3658749.044,1873735.557,NA,NA,NA,NA,NA,NA,0,0,0,0
268,Uatuma,7085,3658911.626,1871795.293,NA,NA,NA,NA,NA,NA,0,0,0,0
269,Uatuma,7091,3646467.064,1874108.517,NA,NA,NA,NA,NA,NA,0,0,0,0
270,Uatuma,7093,3646127.359,1874567.498,NA,NA,NA,NA,NA,NA,0,0,0,0
271,Uatuma,7094,3645534.3,1875591.71,NA,NA,NA,NA,NA,NA,0,0,0,0
272,Uatuma,7095,3643660.577,1876447.063,NA,NA,NA,NA,NA,NA,0,0,0,0
273,Uatuma,7101,3654578.309,1880508.422,NA,NA,NA,NA,NA,NA,0,0,NA,NA
274,Uatuma,7102,3654309.197,1880365.495,NA,NA,NA,NA,NA,NA,0,0,NA,NA
275,Uatuma,7103,3653668.534,1880013.783,NA,NA,NA,NA,NA,NA,0,0,0,0
276,Uatuma,7104,3652201.866,1879128.348,NA,NA,NA,NA,NA,NA,0,0,0,0
277,Uatuma,7105,3649660.01,1878889.802,NA,NA,NA,NA,NA,NA,0,0,0,0
278,Uatuma,7111,3655206.494,1885401.425,NA,NA,NA,NA,NA,NA,NA,0,0,0
279,Uatuma,7112,3654902.588,1885190.188,NA,NA,NA,NA,NA,NA,NA,0,0,0
280,Uatuma,7113,3654328.209,1884756.27,NA,NA,NA,NA,NA,NA,NA,0,0,0
281,Uatuma,7114,3652499.564,1885151.685,NA,NA,NA,NA,NA,NA,NA,0,0,0
282,Uatuma,7115,3650675.787,1885898.901,NA,NA,NA,NA,NA,NA,NA,0,0,0
283,Uatuma,8011,3676635.664,1861915.431,NA,NA,NA,NA,NA,0,0,0,NA,NA
284,Uatuma,8012,3676351.238,1861795.748,NA,NA,NA,NA,NA,0,0,0,NA,NA
285,Uatuma,8013,3675718.287,1861697.443,NA,NA,NA,NA,NA,0,0,0,NA,NA
286,Uatuma,8014,3673803.1,1861363.48,NA,NA,NA,NA,NA,0,0,0,NA,NA
287,Uatuma,8015,3671066.861,1861081.695,NA,NA,NA,NA,NA,0,0,0,NA,NA
288,Uatuma,8021,3675499.481,1867053.371,NA,NA,NA,NA,NA,1,0,0,0,NA
289,Uatuma,8022,3675211.182,1866964.297,NA,NA,NA,NA,NA,0,0,0,0,NA
290,Uatuma,8023,3674560.543,1866784.243,NA,NA,NA,NA,NA,0,0,0,0,NA
291,Uatuma,8024,3673309.913,1866948.881,NA,NA,NA,NA,NA,0,0,0,0,NA
292,Uatuma,8025,3670997.12,1866382.569,NA,NA,NA,NA,NA,0,0,0,0,NA
293,Uatuma,8031,3683961.025,1884941.088,NA,NA,NA,NA,NA,0,0,0,0,NA
294,Uatuma,8032,3684210.32,1884898.762,NA,NA,NA,NA,NA,0,0,0,0,NA
295,Uatuma,8033,3684676.417,1884798.435,NA,NA,NA,NA,NA,0,0,0,0,NA
296,Uatuma,8034,3686314.738,1884678.355,NA,NA,NA,NA,NA,0,0,0,0,NA
297,Uatuma,8035,3688673.968,1884372.418,NA,NA,NA,NA,NA,0,0,0,0,NA
298,Uatuma,8041,3671280.055,1888150.796,NA,NA,NA,NA,NA,0,0,0,0,NA
299,Uatuma,8042,3671407.998,1888401.472,NA,NA,NA,NA,NA,0,0,0,0,NA
300,Uatuma,8043,3671775.246,1888906.269,NA,NA,NA,NA,NA,0,0,0,0,NA
301,Uatuma,8044,3672570.401,1890087.027,NA,NA,NA,NA,NA,0,0,0,0,NA
302,Uatuma,8045,3673470.943,1891442.564,NA,NA,NA,NA,NA,0,0,0,0,NA
303,Uatuma,8051,3657019.206,1894206.808,NA,NA,NA,NA,NA,0,0,0,0,NA
304,Uatuma,8052,3656692.264,1894036.116,NA,NA,NA,NA,NA,0,0,0,0,NA
305,Uatuma,8053,3656069.257,1893898.392,NA,NA,NA,NA,NA,0,0,0,0,NA
306,Uatuma,8054,3654658.973,1893688.051,NA,NA,NA,NA,NA,0,0,0,0,NA
307,Uatuma,8055,3652788.215,1893435.009,NA,NA,NA,NA,NA,0,0,0,0,NA
308,Uatuma,8061,3666880.728,1901502.11,NA,NA,NA,NA,NA,0,0,0,0,NA
309,Uatuma,8062,3666580.817,1901398.907,NA,NA,NA,NA,NA,0,0,0,0,NA
310,Uatuma,8063,3666114.145,1901574.642,NA,NA,NA,NA,NA,0,0,0,0,NA
311,Uatuma,8064,3664872.147,1902115.03,NA,NA,NA,NA,NA,0,0,0,0,NA
312,Uatuma,8071,3674865.934,1910779.574,NA,NA,NA,NA,NA,0,0,0,0,NA
313,Uatuma,8072,3674641.345,1910505.607,NA,NA,NA,NA,NA,0,0,0,0,NA
314,Uatuma,8073,3673996.692,1910175.6,NA,NA,NA,NA,NA,0,0,0,0,NA
315,Uatuma,8074,3671991.997,1909064.405,NA,NA,NA,NA,NA,0,0,0,0,NA
316,Uatuma,8075,3669096.403,1907380.089,NA,NA,NA,NA,NA,0,0,0,0,NA
317,Uatuma,8081,3693289.946,1895428.542,NA,NA,NA,NA,NA,NA,0,0,0,NA
318,Uatuma,8082,3693355.318,1895248.178,NA,NA,NA,NA,NA,NA,0,0,0,NA
319,Uatuma,8083,3693983.031,1895215.158,NA,NA,NA,NA,NA,NA,0,0,0,NA
320,Uatuma,8084,3695192.829,1894638.977,NA,NA,NA,NA,NA,NA,0,0,0,NA
321,Uatuma,8085,3696227.841,1893095.645,NA,NA,NA,NA,NA,NA,0,0,0,NA
322,Uatuma,8092,3690153.908,1902025.149,NA,NA,NA,NA,NA,NA,0,0,0,NA
323,Uatuma,8093,3690766.656,1902127.173,NA,NA,NA,NA,NA,NA,0,0,0,NA
324,Uatuma,8094,3692533.665,1902236.423,NA,NA,NA,NA,NA,NA,0,0,0,NA
325,Uatuma,8101,3682723.626,1899744.635,NA,NA,NA,NA,NA,NA,0,0,0,0
326,Uatuma,8102,3682674.668,1899533.429,NA,NA,NA,NA,NA,NA,0,0,0,0
327,Uatuma,8103,3682823.217,1899135.747,NA,NA,NA,NA,NA,NA,0,0,0,0
328,Uatuma,8104,3683141.377,1897923.394,NA,NA,NA,NA,NA,NA,0,0,0,0
329,PNCA,CF01,637281.173,9065830.266,NA,NA,0,0,0,0,0,0,1,0
330,PNJU,CF01,2201773.026,3368988.353,0,1,1,0,0,0,0,NA,NA,NA
331,PNCA,CF02,639754.068,9063231.805,NA,NA,0,0,0,0,0,1,0,0
332,PNJU,CF02,2200981.054,3368255.501,0,0,1,0,0,0,0,NA,NA,NA
333,PNCA,CF03,641208.433,9073027.673,NA,NA,0,0,0,0,0,0,0,0
334,PNJU,CF03,2200157.849,3367564.119,0,0,0,0,0,0,0,NA,NA,NA
335,PNCA,CF04,672592.724,9045692.509,NA,NA,0,0,0,0,0,0,0,0
336,PNJU,CF04,2199339.622,3366951.803,0,0,0,0,0,0,0,NA,NA,NA
337,PNCA,CF05,648659.016,9066099.459,NA,NA,0,0,0,1,0,0,0,0
338,PNJU,CF05,2198550.699,3366309.213,0,0,0,0,0,0,0,NA,NA,NA
339,PNCA,CF06,652029.216,9060620.816,NA,NA,0,0,0,0,0,0,0,0
340,PNJU,CF06,2197761.459,3365559.184,0,0,0,0,0,0,NA,NA,NA,NA
341,PNCA,CF07,684070.957,9046102.667,NA,NA,0,0,0,0,0,0,0,0
342,PNJU,CF07,2201207.068,3372593.609,0,0,0,0,0,0,0,NA,NA,NA
343,PNCA,CF08,661673.976,9065398.942,NA,NA,0,1,0,0,0,0,0,0
344,PNJU,CF08,2200439.834,3371826.491,0,0,0,1,0,0,NA,NA,NA,NA
345,PNCA,CF09,651735.378,9057560.936,NA,NA,0,0,0,0,0,0,0,0
346,PNJU,CF09,2199608.273,3371271.791,0,1,0,1,0,0,0,NA,NA,NA
347,PNCA,CF10,660345.728,9059119.752,NA,NA,0,0,0,0,0,0,0,0
348,PNJU,CF10,2198766.939,3370664.147,0,0,NA,NA,NA,NA,NA,NA,NA,NA
349,PNM,CF106R,416396.106,9144714.051,0,0,0,0,NA,NA,NA,NA,NA,NA
350,PNM,CF107R,416363.154,9148236.87,0,0,0,0,NA,NA,NA,NA,NA,NA
351,PNM,CF108R,409950.721,9142823.907,0,0,0,0,NA,NA,NA,NA,NA,NA
352,PNCA,CF11,664929.158,9062213.773,NA,NA,0,0,0,0,1,0,0,0
353,PNJU,CF11,2197937.872,3370022.349,0,1,0,0,0,0,NA,NA,NA,NA
354,PNM,CF110R,405854.399,9138724.145,0,0,0,0,NA,NA,NA,NA,NA,NA
355,PNM,CF111R,407350.14,9134091.699,0,0,0,0,NA,NA,NA,NA,NA,NA
356,PNM,CF112R,408917.455,9130826.141,0,0,0,0,NA,NA,NA,NA,NA,NA
357,PNCA,CF12,670092.504,9064558.83,NA,NA,0,0,0,0,0,0,0,0
358,PNJU,CF12,2197116.795,3369343.004,1,1,0,0,1,0,0,NA,NA,NA
359,PNM,CF127R,350383.629,9043007.121,0,0,1,0,NA,NA,NA,NA,NA,NA
360,PNM,CF129R,341641.498,9045350.016,0,0,1,0,NA,NA,NA,NA,NA,NA
361,PNCA,CF13,671576.516,9062228.645,NA,NA,0,0,0,0,0,0,0,0
362,PNJU,CF13,2203126.494,3378168.429,0,0,0,0,1,0,0,NA,NA,NA
363,PNCA,CF14,668826.835,9052358.319,NA,NA,0,0,0,0,0,0,0,0
364,PNJU,CF14,2203787.555,3378107.812,0,0,0,0,0,1,0,NA,NA,NA
365,PNCA,CF15,672595.467,9051656.529,NA,NA,0,0,0,0,0,0,0,0
366,PNJU,CF15,2204311.619,3377834.243,0,0,0,0,0,0,0,NA,NA,NA
367,PNM,CF155R,326392.451,9011193.749,1,1,1,1,NA,NA,NA,NA,NA,NA
368,PNCA,CF16,674714.601,9059216.989,NA,NA,0,1,1,0,0,0,0,0
369,PNJU,CF16,2204801.853,3377522.202,0,1,0,0,0,1,0,NA,NA,NA
370,PNCA,CF17,676681.472,9055510.48,NA,NA,0,0,0,1,0,0,0,0
371,PNJU,CF17,2205279.115,3377196.582,0,0,0,0,0,0,0,NA,NA,NA
372,PNCA,CF18,682878.323,9060966.956,NA,NA,0,0,1,0,0,0,0,0
373,PNJU,CF18,2205779.25,3376899.023,0,0,0,0,0,0,NA,NA,NA,NA
374,PNCA,CF19,682278.637,9048001.322,NA,NA,0,0,0,1,0,0,1,0
375,PNCA,CF20,692310.063,9045276.039,NA,NA,0,0,0,0,0,0,0,0
376,PNM,CFn1,354260.827,9044419.581,0,0,0,0,NA,NA,NA,NA,NA,NA
377,PNM,CFn2,346927.139,9025584.579,0,0,0,0,NA,NA,NA,NA,NA,NA
378,PNM,CL100R,413575.613,9153203.184,0,0,0,0,NA,NA,NA,NA,NA,NA
379,PNM,CL101R,412248.934,9148628.624,0,0,0,0,NA,NA,NA,NA,NA,NA
380,PNM,CL102R,413279.147,9143483.271,0,0,0,0,NA,NA,NA,NA,NA,NA
381,PNM,CL103R,401914.09,9141037.747,0,0,0,0,NA,NA,NA,NA,NA,NA
382,PNM,CL104R,403136.475,9131777.386,0,0,0,0,NA,NA,NA,NA,NA,NA
383,PNM,CL105R,403970.474,9127514.02,0,0,0,0,NA,NA,NA,NA,NA,NA
384,PNM,CL116R,408611.312,9126375.282,0,0,0,0,NA,NA,NA,NA,NA,NA
385,PNM,CL121R,340824.185,9041301.409,0,1,0,0,NA,NA,NA,NA,NA,NA
386,PNM,CL130R,345290.071,9042432.687,0,0,0,0,NA,NA,NA,NA,NA,NA
387,PNM,CL154R,323362.146,9010983.893,0,0,0,0,NA,NA,NA,NA,NA,NA
388,PNM,CL157R,329222.111,9011127.25,0,0,0,0,NA,NA,NA,NA,NA,NA
389,PNM,CL159R,404747.365,9123360.097,0,0,0,NA,NA,NA,NA,NA,NA,NA
390,PNCA,CL21,642062.965,9075206.433,NA,NA,0,0,0,0,0,0,0,0
391,PNCA,CL22,640973.926,9068762.092,NA,NA,0,0,0,0,0,0,0,0
392,PNCA,CL23,641880.464,9061439.678,NA,NA,0,1,0,0,0,0,0,0
393,PNCA,CL24,669041.759,9059144.757,NA,NA,0,0,0,0,0,0,0,0
394,PNCA,CL25,656310.339,9062507.251,NA,NA,0,0,0,0,0,0,0,0
395,PNCA,CL26,648291.805,9064728.261,NA,NA,0,0,0,0,0,0,0,0
396,PNCA,CL27,645660.219,9066018.285,NA,NA,0,0,0,0,0,0,0,0
397,PNCA,CL28,656828.316,9064207.091,NA,NA,0,0,0,0,0,0,0,0
398,PNCA,CL29,656291.122,9058372.75,NA,NA,0,0,0,0,0,0,0,0
399,PNCA,CL30,660341.979,9062430.506,NA,NA,0,0,0,0,0,0,0,0
400,PNCA,CL31,665600.463,9057902.93,NA,NA,0,0,0,0,0,0,0,0
401,PNCA,CL32,664080.815,9053336.492,NA,NA,0,0,0,0,0,0,0,0
402,PNCA,CL33,672041.314,9056046.575,NA,NA,0,0,0,0,0,0,0,0
403,PNCA,CL34,676155.752,9061625.515,NA,NA,0,0,0,0,0,0,0,0
404,PNCA,CL35,682151.008,9065200.315,NA,NA,0,0,0,0,0,0,0,0
405,PNCA,CL36,680187.765,9057388.99,NA,NA,0,0,0,0,0,0,0,0
406,PNCA,CL37,675683.488,9048330.402,NA,NA,0,0,0,0,0,0,0,0
407,PNCA,CL38,686215.204,9045515.206,NA,NA,0,0,0,0,0,0,0,0
408,PNCA,CL39,690519.267,9043577.442,NA,NA,0,0,0,0,0,0,0,0
409,PNCA,CL40,695114.139,9046373.057,NA,NA,0,1,0,0,0,0,0,0
410,PNM,CS153R,323681.348,9007868.228,0,1,1,1,NA,NA,NA,NA,NA,NA
411,PNM,CS156R,326747.943,9007611.861,0,0,1,1,NA,NA,NA,NA,NA,NA
412,PNM,CSn1,352181.783,9042917.186,0,0,1,0,NA,NA,NA,NA,NA,NA
413,PDBFF,CT-MAS-1-01,854577.274,9731668.243,1,1,1,NA,NA,NA,NA,NA,NA,NA
414,PDBFF,CT-MAS-1-02,855731.64,9735799.265,0,0,0,NA,NA,NA,NA,NA,NA,NA
415,PDBFF,CT-MAS-1-03,858443.714,9735097.683,0,0,0,NA,NA,NA,NA,NA,NA,NA
416,PDBFF,CT-MAS-1-04,857294.697,9730925.615,0,0,0,NA,NA,NA,NA,NA,NA,NA
417,PDBFF,CT-MAS-1-05,858655.935,9730674.382,0,0,0,NA,NA,NA,NA,NA,NA,NA
418,PDBFF,CT-MAS-1-06,859095.689,9732035.05,0,0,0,NA,NA,NA,NA,NA,NA,NA
419,PDBFF,CT-MAS-1-07,856377.002,9732740.057,0,0,0,NA,NA,NA,NA,NA,NA,NA
420,PDBFF,CT-MAS-1-08,857751.317,9732363.726,0,0,0,NA,NA,NA,NA,NA,NA,NA
421,PDBFF,CT-MAS-1-09,855976.224,9731362.714,1,0,0,NA,NA,NA,NA,NA,NA,NA
422,PDBFF,CT-MAS-1-10,856729.899,9734120.843,0,0,1,NA,NA,NA,NA,NA,NA,NA
423,PDBFF,CT-MAS-1-11,858087.419,9733696.959,0,0,0,NA,NA,NA,NA,NA,NA,NA
424,PDBFF,CT-MAS-1-12,859417.21,9733316.296,0,0,0,NA,NA,NA,NA,NA,NA,NA
425,PDBFF,CT-MAS-1-13,857077.104,9735452.937,0,0,0,NA,NA,NA,NA,NA,NA,NA
426,PDBFF,CT-MAS-1-14,854968.065,9733068.845,0,1,0,NA,NA,NA,NA,NA,NA,NA
427,PDBFF,CT-MAS-1-15,855369.931,9734447.289,0,0,0,NA,NA,NA,NA,NA,NA,NA
428,PDBFF,CT-MAS-1-16,843888.238,9731676.436,0,0,0,NA,NA,NA,NA,NA,NA,NA
429,PDBFF,CT-MAS-1-17,844833.565,9732673.85,0,0,0,NA,NA,NA,NA,NA,NA,NA
430,PDBFF,CT-MAS-1-18,841886.374,9731675.461,0,1,0,NA,NA,NA,NA,NA,NA,NA
431,PDBFF,CT-MAS-1-19,842902.893,9732657.213,0,0,0,NA,NA,NA,NA,NA,NA,NA
432,PDBFF,CT-MAS-1-20,843864.923,9733662.343,0,0,0,NA,NA,NA,NA,NA,NA,NA
433,PDBFF,CT-MAS-1-21,844854.739,9734640.854,0,0,0,NA,NA,NA,NA,NA,NA,NA
434,PDBFF,CT-MAS-1-22,840921.041,9732641.773,0,1,0,NA,NA,NA,NA,NA,NA,NA
435,PDBFF,CT-MAS-1-23,841886.406,9733657.961,0,0,0,NA,NA,NA,NA,NA,NA,NA
436,PDBFF,CT-MAS-1-24,842888.406,9734620.944,0,0,0,NA,NA,NA,NA,NA,NA,NA
437,PDBFF,CT-MAS-1-25,844089.088,9735797.129,0,0,1,NA,NA,NA,NA,NA,NA,NA
438,PDBFF,CT-MAS-1-26,844744.707,9736702.244,0,0,0,NA,NA,NA,NA,NA,NA,NA
439,PDBFF,CT-MAS-1-27,840905.505,9734645.323,1,0,0,NA,NA,NA,NA,NA,NA,NA
440,PDBFF,CT-MAS-1-28,841860.815,9735648.266,0,0,0,NA,NA,NA,NA,NA,NA,NA
441,PDBFF,CT-MAS-1-29,842881.776,9736627.827,0,0,0,NA,NA,NA,NA,NA,NA,NA
442,PDBFF,CT-MAS-1-30,840911.056,9736634.434,0,0,0,NA,NA,NA,NA,NA,NA,NA
443,ZF2,CT-MAS-2-01,824035.654,9709242.136,NA,NA,NA,NA,0,0,0,NA,NA,NA
444,ZF2,CT-MAS-2-02,825014.102,9710231.519,NA,NA,NA,NA,0,0,0,NA,NA,NA
445,ZF2,CT-MAS-2-03,819056.031,9710214.298,NA,NA,NA,NA,0,0,0,NA,NA,NA
446,ZF2,CT-MAS-2-04,823040.698,9710241.641,NA,NA,NA,NA,0,0,0,NA,NA,NA
447,ZF2,CT-MAS-2-05,824039.168,9711232.09,NA,NA,NA,NA,0,0,0,NA,NA,NA
448,ZF2,CT-MAS-2-06,825038.729,9712207.051,NA,NA,NA,NA,0,0,0,NA,NA,NA
449,ZF2,CT-MAS-2-07,821062.837,9710236.251,NA,NA,NA,NA,0,0,0,NA,NA,NA
450,ZF2,CT-MAS-2-08,822056.832,9711230.029,NA,NA,NA,NA,0,0,0,NA,NA,NA
451,ZF2,CT-MAS-2-09,823045.241,9712208.334,NA,NA,NA,NA,0,0,1,NA,NA,NA
452,ZF2,CT-MAS-2-10,824019.285,9713226.524,NA,NA,NA,NA,0,1,0,NA,NA,NA
453,ZF2,CT-MAS-2-11,825017.747,9714208.144,NA,NA,NA,NA,0,0,0,NA,NA,NA
454,ZF2,CT-MAS-2-12,820090.045,9711199.129,NA,NA,NA,NA,0,0,0,NA,NA,NA
455,ZF2,CT-MAS-2-13,822046.912,9713212.234,NA,NA,NA,NA,0,0,0,NA,NA,NA
456,ZF2,CT-MAS-2-14,823058.68,9714184.967,NA,NA,NA,NA,0,0,0,NA,NA,NA
457,ZF2,CT-MAS-2-15,822087.166,9715246.341,NA,NA,NA,NA,0,0,0,NA,NA,NA
458,ZF2,CT-MAS-2-16,807109.857,9712337.071,NA,NA,NA,NA,0,0,1,0,NA,NA
459,ZF2,CT-MAS-2-17,812013.503,9707398.303,NA,NA,NA,NA,0,0,0,0,NA,NA
460,ZF2,CT-MAS-2-18,809078.606,9712332.75,NA,NA,NA,NA,0,0,0,0,NA,NA
461,ZF2,CT-MAS-2-19,810035.879,9707403.867,NA,NA,NA,NA,0,0,0,0,NA,NA
462,ZF2,CT-MAS-2-20,811020.806,9708396.53,NA,NA,NA,NA,0,0,0,0,NA,NA
463,ZF2,CT-MAS-2-21,812000.153,9709375.934,NA,NA,NA,NA,0,0,0,1,NA,NA
464,ZF2,CT-MAS-2-22,813011.712,9708345.564,NA,NA,NA,NA,0,1,0,0,NA,NA
465,ZF2,CT-MAS-2-23,808048.254,9707402.785,NA,NA,NA,NA,0,0,0,0,NA,NA
466,ZF2,CT-MAS-2-24,809045.389,9708393.206,NA,NA,NA,NA,0,0,1,0,NA,NA
467,ZF2,CT-MAS-2-25,810029.163,9709374.812,NA,NA,NA,NA,0,0,0,0,NA,NA
468,ZF2,CT-MAS-2-26,811012.961,9710360.853,NA,NA,NA,NA,0,0,0,1,NA,NA
469,ZF2,CT-MAS-2-27,807067.687,9710364.065,NA,NA,NA,NA,0,0,0,0,NA,NA
470,ZF2,CT-MAS-2-28,808061.547,9709375.869,NA,NA,NA,NA,0,0,0,0,NA,NA
471,ZF2,CT-MAS-2-29,809038.641,9710363.03,NA,NA,NA,NA,0,0,1,0,NA,NA
472,ZF2,CT-MAS-2-30,808049.225,9711354.543,NA,NA,NA,NA,0,0,0,0,NA,NA
473,DUCKE,CT-MAS-3-1,836933.359,9675935.179,0,0,0,0,0,0,NA,NA,NA,NA
474,DUCKE,CT-MAS-3-10,838827.844,9673213.696,0,0,0,0,0,0,NA,NA,NA,NA
475,DUCKE,CT-MAS-3-11,840843.163,9673581.186,1,0,0,0,0,0,NA,NA,NA,NA
476,DUCKE,CT-MAS-3-12,842821.116,9673700.805,0,0,0,1,0,0,NA,NA,NA,NA
477,DUCKE,CT-MAS-3-13,838137.904,9672009.065,0,0,0,0,0,0,NA,NA,NA,NA
478,DUCKE,CT-MAS-3-14,840029.236,9672220.811,0,0,0,0,0,0,NA,NA,NA,NA
479,DUCKE,CT-MAS-3-15,841998.99,9672607.214,0,0,0,0,0,0,NA,NA,NA,NA
480,DUCKE,CT-MAS-3-16,843947.443,9672921.705,0,0,0,0,0,0,NA,NA,NA,NA
481,DUCKE,CT-MAS-3-17,839273.915,9671124.839,0,0,0,0,0,0,NA,NA,NA,NA
482,DUCKE,CT-MAS-3-18,841208.05,9671519.08,0,0,0,0,0,0,NA,NA,NA,NA
483,DUCKE,CT-MAS-3-19,843131.703,9671730.687,0,0,0,0,0,0,NA,NA,NA,NA
484,DUCKE,CT-MAS-3-2,838947.302,9676206.444,0,0,0,0,0,0,NA,NA,NA,NA
485,DUCKE,CT-MAS-3-20,845138.109,9672070.447,0,0,0,0,0,0,NA,NA,NA,NA
486,DUCKE,CT-MAS-3-21,838319.195,9669953.051,0,0,0,0,0,0,NA,NA,NA,NA
487,DUCKE,CT-MAS-3-22,840331.083,9670306.113,0,1,0,0,0,0,NA,NA,NA,NA
488,DUCKE,CT-MAS-3-23,842347.226,9670572.801,0,0,0,0,0,0,NA,NA,NA,NA
489,DUCKE,CT-MAS-3-24,844264.591,9670920.55,0,0,0,0,0,0,NA,NA,NA,NA
490,DUCKE,CT-MAS-3-25,841479.25,9669399.661,0,0,0,0,0,0,NA,NA,NA,NA
491,DUCKE,CT-MAS-3-26,843469.89,9669696.276,0,0,0,0,0,0,NA,NA,NA,NA
492,DUCKE,CT-MAS-3-27,845389.591,9670079.414,0,0,0,0,0,0,NA,NA,NA,NA
493,DUCKE,CT-MAS-3-28,840703.904,9668317.041,0,0,0,0,0,0,NA,NA,NA,NA
494,DUCKE,CT-MAS-3-29,842581,9668612.861,0,0,0,0,0,0,NA,NA,NA,NA
495,DUCKE,CT-MAS-3-3,840912.253,9676453.466,0,0,0,0,0,0,NA,NA,NA,NA
496,DUCKE,CT-MAS-3-30,844609.385,9668872.812,0,0,0,0,0,0,NA,NA,NA,NA
497,DUCKE,CT-MAS-3-4,838117.072,9674972.291,0,0,0,0,0,0,NA,NA,NA,NA
498,DUCKE,CT-MAS-3-5,840025.375,9675271.485,0,0,0,0,0,0,NA,NA,NA,NA
499,DUCKE,CT-MAS-3-6,837629.757,9673791.454,0,0,0,0,0,0,NA,NA,NA,NA
500,DUCKE,CT-MAS-3-7,839548.273,9674171.411,0,0,0,0,0,0,NA,NA,NA,NA
501,DUCKE,CT-MAS-3-8,841519.232,9674585.522,0,0,0,0,0,0,NA,NA,NA,NA
502,DUCKE,CT-MAS-3-9,843602.125,9674813.338,0,0,0,1,0,0,NA,NA,NA,NA
503,SBR,CT-POC-1-01,2363873.276,3552142.881,0,0,0,0,0,1,NA,NA,NA,NA
504,SBR,CT-POC-1-02,2364292.658,3553885.951,0,0,0,0,0,0,NA,NA,NA,NA
505,SBR,CT-POC-1-04,2365233.733,3555079.21,0,0,0,0,0,NA,NA,NA,NA,NA
506,SBR,CT-POC-1-05,2363519.582,3554366.334,0,0,0,0,0,0,NA,NA,NA,NA
507,SBR,CT-POC-1-06,2364516.508,3555527.967,0,0,0,0,0,0,0,NA,NA,NA
508,SBR,CT-POC-1-07,2364882.432,3557399.47,0,0,0,0,0,0,NA,NA,NA,NA
509,SBR,CT-POC-1-08,2363969.327,3556191.673,0,0,0,0,0,0,0,NA,NA,NA
510,SBR,CT-POC-1-10,2365264.266,3559092.947,0,0,1,0,0,0,0,NA,NA,NA
511,SBR,CT-POC-1-11,2366004.243,3558657.881,0,0,0,0,0,0,0,NA,NA,NA
512,SBR,CT-POC-1-12,2366966.431,3559774.43,0,0,1,1,0,0,0,NA,NA,NA
513,SBR,CT-POC-1-13,2366370.29,3560355.375,0,0,0,0,0,0,0,NA,NA,NA
514,SBR,CT-POC-1-14,2367959.515,3561030.651,0,0,0,0,0,0,0,NA,NA,NA
515,SBR,CT-POC-1-15,2367383.155,3561568.317,0,0,0,0,0,0,0,NA,NA,NA
516,SBR,CT-POC-1-16,2364679.843,3559758.805,0,0,0,0,0,0,NA,NA,NA,NA
517,SBR,CT-POC-1-18,2363589.459,3558556.97,0,0,0,0,0,0,NA,NA,NA,NA
518,SBR,CT-POC-1-19,2361508.519,3556158.348,0,0,0,0,0,0,NA,NA,NA,NA
519,SBR,CT-POC-1-20,2362214.782,3555514.511,0,0,0,0,0,0,NA,NA,NA,NA
520,SBR,CT-POC-1-21,2360652.64,3554937.728,0,0,0,0,0,0,NA,NA,NA,NA
521,SBR,CT-POC-1-22,2370084.693,3563419.596,0,1,0,0,0,0,0,NA,NA,NA
522,SBR,CT-POC-1-23,2369357.406,3563887.767,0,0,0,0,0,0,0,NA,NA,NA
523,SBR,CT-POC-1-26,2371717.29,3564025.522,0,0,0,0,0,0,0,NA,NA,NA
524,SBR,CT-POC-1-27,2370719.076,3562807.782,0,0,0,0,0,0,NA,NA,NA,NA
525,SBR,CT-POC-1-29,2364309.327,3557957.1,0,0,0,0,0,0,0,NA,NA,NA
526,TMES,CT-TDM-1-06,2349880.043,4058806.183,0,0,0,1,1,0,NA,NA,NA,NA
527,TMES,CT-TDM-1-07,2350846.868,4060098.463,0,1,0,0,1,0,NA,NA,NA,NA
528,TMES,CT-TDM-1-08,2351842.919,4061439.068,0,0,1,0,1,0,NA,NA,NA,NA
529,TMES,CT-TDM-1-09,2352771.9,4062701.765,0,0,0,0,0,0,NA,NA,NA,NA
530,TMES,CT-TDM-1-11,2349695.651,4056896.089,0,1,1,0,0,0,NA,NA,NA,NA
531,TMES,CT-TDM-1-12,2348848.581,4055668.27,1,0,0,1,0,0,NA,NA,NA,NA
532,TMES,CT-TDM-1-120,2357129.473,4055498.26,0,0,0,0,0,0,NA,NA,NA,NA
533,TMES,CT-TDM-1-121,2350820.83,4055342.949,0,1,0,0,1,0,NA,NA,NA,NA
534,TMES,CT-TDM-1-13,2347868.166,4054298.084,0,1,0,0,0,1,NA,NA,NA,NA
535,TMES,CT-TDM-1-14,2346889.381,4053051.297,0,1,0,0,0,0,NA,NA,NA,NA
536,TMES,CT-TDM-1-16,2350705.736,4058270.719,0,0,0,1,0,1,NA,NA,NA,NA
537,TMES,CT-TDM-1-17,2351635.201,4059494.209,0,0,1,0,0,0,NA,NA,NA,NA
538,TMES,CT-TDM-1-18,2352621.155,4060926.602,0,0,1,0,0,0,NA,NA,NA,NA
539,TMES,CT-TDM-1-19,2353553.882,4062129.321,NA,0,0,0,0,0,NA,NA,NA,NA
540,TMES,CT-TDM-1-21,2350568.88,4056410.189,0,0,0,0,0,0,NA,NA,NA,NA
541,TMES,CT-TDM-1-22,2349567.226,4055033.911,0,0,0,0,0,0,NA,NA,NA,NA
542,TMES,CT-TDM-1-23,2348578.115,4053733.476,0,1,1,0,0,0,NA,NA,NA,NA
543,TMES,CT-TDM-1-24,2347660.624,4052526.764,0,0,0,0,0,0,NA,NA,NA,NA
544,TMES,CT-TDM-1-26,2351580.37,4057665.173,0,0,0,0,0,0,NA,NA,NA,NA
545,TMES,CT-TDM-1-27,2352403.49,4058925.274,0,0,0,1,0,0,NA,NA,NA,NA
546,TMES,CT-TDM-1-28,2353373.467,4060237.447,0,0,0,0,0,0,NA,NA,NA,NA
547,TMES,CT-TDM-1-29,2354374.137,4061575.705,0,0,1,0,0,0,NA,NA,NA,NA
548,TMES,CT-TDM-1-31,2350104.97,4054069.704,0,0,0,0,1,0,NA,NA,NA,NA
549,TMES,CT-TDM-1-32,2349337.544,4053016.934,0,0,0,0,0,0,NA,NA,NA,NA
550,TMES,CT-TDM-1-33,2348430.207,4051841.4,0,0,0,0,0,0,NA,NA,NA,NA
551,TMES,CT-TDM-1-36,2352246.297,4056978.885,0,0,0,0,0,0,NA,NA,NA,NA
552,TMES,CT-TDM-1-37,2353201.856,4058326.223,0,1,1,0,0,0,NA,NA,NA,NA
553,TMES,CT-TDM-1-41,2353170.28,4056710.075,1,0,0,1,0,0,NA,NA,NA,NA
554,TMES,CT-TDM-1-42,2354119.634,4057809.693,0,0,1,0,1,0,NA,NA,NA,NA
555,TMES,CT-TDM-1-43,2355038.385,4059176.828,0,0,0,0,0,0,NA,NA,NA,NA
556,TMES,CT-TDM-1-44,2355925.92,4060396.336,0,0,1,1,1,0,NA,NA,NA,NA
557,TMES,CT-TDM-1-46,2355837.211,4058509.286,0,1,1,0,0,0,NA,NA,NA,NA
558,TMES,CT-TDM-1-47,2356765.151,4059832.974,0,0,0,1,0,0,NA,NA,NA,NA
559,TMES,CT-TDM-1-48,2357724.58,4061112.721,0,0,0,0,0,0,NA,NA,NA,NA
560,TMES,CT-TDM-1-51,2356571.245,4057945.149,0,0,0,0,0,0,NA,NA,NA,NA
561,TMES,CT-TDM-1-52,2357520.833,4059222.226,0,1,0,1,1,0,NA,NA,NA,NA
562,TMES,CT-TDM-1-53,2358511.321,4060545.958,0,0,0,0,0,0,NA,NA,NA,NA
563,TMES,CT-TDM-1-54,2359457.6,4061867.22,0,0,0,0,1,0,NA,NA,NA,NA
564,TMES,CT-TDM-1-61,2358296.428,4058660.704,1,0,0,0,1,0,NA,NA,NA,NA
565,TMES,CT-TDM-1-62,2359316.278,4060041.697,0,1,1,0,0,1,NA,NA,NA,NA
566,TMES,CT-TDM-1-63,2360312.243,4061315.834,0,0,0,0,0,0,NA,NA,NA,NA
567,TMES,CT-TDM-1-64,2361209.461,4062555.515,0,0,0,0,1,0,NA,NA,NA,NA
568,TMES,CT-TDM-1-66,2358166.232,4056761.98,0,0,1,0,1,0,NA,NA,NA,NA
569,TMES,CT-TDM-1-67,2359156.288,4058091.584,1,0,0,0,0,0,NA,NA,NA,NA
570,TMES,CT-TDM-1-68,2360079.07,4059325.935,0,0,0,0,0,0,NA,NA,NA,NA
571,TMES,CT-TDM-1-72,2357021.342,4053546.269,0,0,1,0,0,0,NA,NA,NA,NA
572,TMES,CT-TDM-1-73,2356054.675,4052227.134,0,0,0,0,0,0,NA,NA,NA,NA
573,TMES,CT-TDM-1-74,2355072.284,4050889.371,1,1,1,0,0,0,NA,NA,NA,NA
574,TMES,CT-TDM-1-75,2354154.076,4049562.843,0,0,0,0,0,0,NA,NA,NA,NA
575,TMES,CT-TDM-1-76,2359947.029,4057511.548,1,0,0,0,NA,NA,NA,NA,NA,NA
576,TMES,CT-TDM-1-77,2360836.966,4058778.156,0,1,1,1,0,0,NA,NA,NA,NA
577,TMES,CT-TDM-1-78,2361815.478,4060045.972,0,0,1,0,1,0,NA,NA,NA,NA
578,TMES,CT-TDM-1-79,2362845.711,4061406.688,1,0,1,0,1,0,NA,NA,NA,NA
579,TMES,CT-TDM-1-81,2360721.098,4056899.506,0,0,0,0,0,0,NA,NA,NA,NA
580,TMES,CT-TDM-1-82,2359629.154,4055523.368,1,0,0,1,0,0,NA,NA,NA,NA
581,TMES,CT-TDM-1-83,2358754.101,4054310.389,0,0,0,0,0,0,NA,NA,NA,NA
582,TMES,CT-TDM-1-84,2357829.363,4053119.789,0,0,0,0,0,1,NA,NA,NA,NA
583,TMES,CT-TDM-1-86,2361719.116,4058265.129,0,0,0,0,0,0,NA,NA,NA,NA
584,TMES,CT-TDM-1-87,2362637.748,4059499.779,0,1,1,0,0,0,NA,NA,NA,NA
585,TMES,CT-TDM-1-88,2363603.137,4060817.993,0,0,0,0,0,0,NA,NA,NA,NA
586,TMES,CT-TDM-1-89,2364630.704,4062161.197,0,0,0,0,1,0,NA,NA,NA,NA
587,PNM,DEER1,413339.674,9157321.229,NA,0,0,0,NA,NA,NA,NA,NA,NA
588,PNM,DEER2,414304.34,9146891.191,NA,0,0,NA,NA,NA,NA,NA,NA,NA
589,PNM,DEER3,416654.53,9164803.37,NA,0,1,1,NA,NA,NA,NA,NA,NA
590,PNM,DEER4,415920.111,9162842.21,NA,0,0,0,NA,NA,NA,NA,NA,NA
591,PNCA,ESTRADA1,710093.413,9104275.528,1,0,NA,NA,NA,NA,NA,NA,NA,NA
592,PNCA,ESTRADA2,712128.969,9104407.964,0,0,NA,NA,NA,NA,NA,NA,NA,NA
593,PNCA,ESTRADA3,708559.954,9104133.034,1,0,0,0,0,0,0,0,0,0
594,PNCA,ESTRADA4,708124.066,9106336.029,0,0,NA,NA,NA,NA,NA,NA,NA,NA
595,PNCA,ESTRADA5,709262.062,9101596.272,NA,NA,NA,NA,0,0,0,0,0,NA
596,RDSA,ex1,318351.627,9727229.094,NA,NA,1,0,0,NA,NA,NA,NA,NA
597,RDSA,ex10,322390.023,9726216.703,NA,NA,NA,NA,0,1,0,0,0,0
598,RDSA,ex11,322449.762,9720989.876,NA,NA,NA,NA,0,1,0,0,0,1
599,PNM,EX1106D1,325943.548,9039305.981,0,1,1,0,NA,NA,NA,NA,NA,NA
600,PNM,EX1106D2,328112.478,9036854.747,0,1,0,0,NA,NA,NA,NA,NA,NA
601,PNM,EX1106D3,330535.746,9034114.61,0,1,1,1,NA,NA,NA,NA,NA,NA
602,PNM,EX1106D4,333207.349,9031048.691,0,0,0,0,NA,NA,NA,NA,NA,NA
603,RDSA,ex12,320303.075,9729415.36,NA,NA,NA,NA,0,0,0,0,0,0
604,PNM,EX1206D1,339133.675,9024203.612,0,0,0,1,NA,NA,NA,NA,NA,NA
605,PNM,EX1206D2,337008.251,9020815.273,0,1,0,0,NA,NA,NA,NA,NA,NA
606,RDSA,ex13,323743.515,9729957.963,NA,NA,NA,NA,0,0,0,0,0,0
607,PNM,EX1306D1,318770.327,9010715.307,0,0,0,1,NA,NA,NA,NA,NA,NA
608,RDSA,ex14,325491.617,9728254.966,NA,NA,NA,NA,0,0,0,1,0,0
609,PNM,EX1506D1,311146.781,9010215.261,NA,1,0,0,NA,NA,NA,NA,NA,NA
610,PNM,EX1506D2,314986.842,9010606.839,NA,1,0,1,NA,NA,NA,NA,NA,NA
611,PNM,EX1606D1,302406.809,9010934.991,1,0,0,0,NA,NA,NA,NA,NA,NA
612,PNM,EX1606D2,304877.272,9009888.536,NA,0,NA,NA,NA,NA,NA,NA,NA,NA
613,PNM,EX1606D3,308090.753,9009316.572,NA,1,0,0,NA,NA,NA,NA,NA,NA
614,PNM,EX1806D1,271547.629,8961105.574,NA,0,0,0,NA,NA,NA,NA,NA,NA
615,PNM,EX1806D2,278903.445,8962118.576,NA,0,1,0,NA,NA,NA,NA,NA,NA
616,PNM,EX1806D3,261129.173,8952208.235,NA,0,NA,NA,NA,NA,NA,NA,NA,NA
617,PNM,EX1806D4,272169.187,8941626.418,NA,0,0,0,NA,NA,NA,NA,NA,NA
618,PNM,EX1806D5,275785.74,8946264.679,NA,0,0,0,NA,NA,NA,NA,NA,NA
619,RDSA,ex2,316420.632,9730128.285,NA,NA,0,0,0,NA,NA,NA,NA,NA
620,RDSA,ex3,316079.845,9727791.343,NA,NA,0,0,0,NA,NA,NA,NA,NA
621,RDSA,ex4,312460.203,9729974.088,NA,NA,0,0,0,NA,NA,NA,NA,NA
622,RDSA,ex5,319377.512,9719671.312,NA,NA,0,0,0,NA,NA,NA,NA,NA
623,RDSA,ex6,318923.956,9723078.731,NA,NA,0,0,0,NA,NA,NA,NA,NA
624,RDSA,ex7,317063.283,9722229.379,NA,NA,0,0,0,NA,NA,NA,NA,NA
625,RDSA,ex8,324958.603,9722893.704,NA,NA,NA,NA,0,0,0,0,0,NA
626,RDSA,ex9,322237.406,9728278.75,NA,NA,NA,NA,0,0,0,1,0,0
627,PNM,F113R,380618.036,9118584.125,0,0,1,0,NA,NA,NA,NA,NA,NA
628,PNM,F114R,383503.186,9119753.03,0,0,0,0,NA,NA,NA,NA,NA,NA
629,PNM,F115R,384436.423,9112202.91,0,0,0,0,NA,NA,NA,NA,NA,NA
630,PNM,F128R,337135.376,9027506.566,1,0,1,1,NA,NA,NA,NA,NA,NA
631,PNM,F200R,407490.571,9140318.635,0,0,0,0,NA,NA,NA,NA,NA,NA
632,PNCA,F41,720039.294,9121980.616,NA,0,0,0,0,NA,NA,NA,NA,NA
633,PNCA,F41B,730028.206,9056505.56,NA,NA,NA,NA,0,0,0,0,0,NA
634,PNCA,F42,713382.804,9098551.32,NA,0,0,0,0,NA,NA,NA,NA,NA
635,PNCA,F42B,732175.272,9056734.063,NA,NA,NA,NA,0,0,0,0,0,NA
636,PNCA,F43,727068.17,9112367.583,NA,0,0,0,0,NA,NA,NA,NA,NA
637,PNCA,F43B,727669.864,9054101.389,NA,NA,NA,NA,0,1,1,0,1,NA
638,PNCA,F44,726925.263,9114874.808,NA,0,0,0,0,NA,NA,NA,NA,NA
639,PNCA,F44B,732392.514,9049203.16,NA,NA,NA,NA,0,0,0,0,0,NA
640,PNCA,F45,729883.43,9112361.986,NA,0,0,0,0,NA,NA,NA,NA,NA
641,PNCA,F45B,727670.616,9064822.785,NA,NA,NA,NA,0,0,0,0,0,NA
642,PNCA,F46,727292.62,9109970.454,NA,0,0,0,0,NA,NA,NA,NA,NA
643,PNCA,F46B,729750.49,9064859.816,NA,NA,NA,NA,0,0,0,0,0,NA
644,PNCA,F47,717023.722,9075312.738,NA,0,0,0,0,NA,NA,NA,NA,NA
645,PNCA,F47B,722919.4,9049354.304,NA,NA,NA,NA,0,0,0,0,0,NA
646,PNCA,F48,715031.899,9075505.62,NA,0,0,0,0,0,0,0,0,NA
647,PNCA,F48B,725609.895,9049601.739,NA,NA,NA,NA,0,0,0,0,0,NA
648,PNCA,F49,714263.849,9092330.985,NA,0,0,0,0,NA,NA,NA,NA,NA
649,PNCA,F49B,721943.859,9063198.881,NA,NA,NA,NA,0,0,0,0,0,NA
650,PNCA,F50,723280.262,9091795.858,NA,0,0,0,0,NA,NA,NA,NA,NA
651,PNCA,F50B,721442.883,9072494.98,NA,NA,NA,NA,0,0,0,1,0,NA
652,PNCA,F51,721135.125,9090277.976,NA,0,0,0,0,NA,NA,NA,NA,NA
653,PNCA,F51B,723841.322,9072024.65,NA,NA,NA,NA,0,0,0,0,0,NA
654,PNCA,F52,727893.625,9087740.78,NA,0,0,0,0,NA,NA,NA,NA,NA
655,PNCA,F52B,725991.385,9072113.245,NA,NA,NA,NA,0,0,0,0,0,NA
656,PNCA,F53,731856.543,9087686.876,NA,0,0,0,0,NA,NA,NA,NA,NA
657,PNCA,F53B,722115.333,9079389.174,NA,NA,NA,NA,0,0,0,1,0,0
658,PNCA,F54,720049.008,9075507.566,NA,0,0,0,0,NA,NA,NA,NA,NA
659,PNCA,F54B,715986.276,9090887.888,NA,NA,NA,NA,0,0,0,0,0,NA
660,PNCA,F55,723337.139,9083552.196,NA,0,0,0,0,NA,NA,NA,NA,NA
661,PNCA,F56,731629.76,9112046.527,NA,0,0,0,1,NA,NA,NA,NA,NA
662,PNCA,F56B,726799.873,9069073.442,NA,NA,NA,NA,0,1,0,0,0,NA
663,PNCA,F57,724630.97,9114335.445,NA,0,0,0,0,NA,NA,NA,NA,NA
664,PNCA,F57B,729499.215,9069973.373,NA,NA,NA,NA,0,0,0,0,0,NA
665,PNCA,F58,726977.438,9117525.858,NA,1,0,0,0,NA,NA,NA,NA,NA
666,PNCA,F58B,730403.317,9054135.96,NA,NA,NA,NA,1,1,0,0,0,NA
667,PNCA,F59,721703.026,9115274.76,NA,0,0,1,0,NA,NA,NA,NA,NA
668,PNCA,F59B,723593.727,9085335.566,NA,NA,NA,NA,0,0,0,0,0,0
669,PNCA,F60,718852.722,9116644.56,NA,0,0,0,0,NA,NA,NA,NA,NA
670,PNM,Fn1,356036.618,9047105.165,0,0,0,0,NA,NA,NA,NA,NA,NA
671,PNM,Fn11,320159.942,9007608.488,NA,0,1,0,NA,NA,NA,NA,NA,NA
672,PNM,Fn2,345748.499,9028363.709,1,1,1,0,NA,NA,NA,NA,NA,NA
673,PNM,Fn3,348675.754,9027793.966,1,0,0,0,NA,NA,NA,NA,NA,NA
674,PNM,Fn4,344327.612,9024172.538,0,0,0,0,NA,NA,NA,NA,NA,NA
675,PNM,Fn5,342179.817,9022037.671,0,0,0,0,NA,NA,NA,NA,NA,NA
676,PNCA,MANEJO1,709208.012,9108035.871,NA,0,0,0,0,NA,NA,NA,NA,NA
677,PNCA,MANEJO2,708559.379,9107092.149,NA,0,0,0,0,NA,NA,NA,NA,NA
678,PNCA,MANEJO3,710904.24,9107454.085,NA,NA,NA,NA,0,0,0,0,0,NA
679,REMJ,REMJ1,-26137.138,9328143.035,0,0,0,NA,NA,NA,NA,NA,NA,NA
680,REMJ,REMJ10,-43410.359,9361213.245,0,0,0,0,NA,NA,NA,NA,NA,NA
681,REMJ,REMJ11,-23462.459,9361608.022,0,1,0,NA,NA,NA,NA,NA,NA,NA
682,REMJ,REMJ12,-19818.489,9387657.523,0,1,0,0,NA,NA,NA,NA,NA,NA
683,REMJ,REMJ13,-6473.164,9372936.995,0,1,0,0,NA,NA,NA,NA,NA,NA
684,REMJ,REMJ14,574.501,9381543.6,0,0,0,0,NA,NA,NA,NA,NA,NA
685,REMJ,REMJ15,-8413.152,9395449.462,0,0,0,0,NA,NA,NA,NA,NA,NA
686,REMJ,REMJ16,-1771.016,9400345.539,0,0,0,0,NA,NA,NA,NA,NA,NA
687,REMJ,REMJ17,11208.11,9390336.38,0,0,1,0,NA,NA,NA,NA,NA,NA
688,REMJ,REMJ18,9026.912,9408932.478,0,1,0,0,NA,NA,NA,NA,NA,NA
689,REMJ,REMJ2,-43092.621,9327499.355,0,0,1,NA,NA,NA,NA,NA,NA,NA
690,REMJ,REMJ20,33455.862,9402071.01,NA,0,0,0,NA,NA,NA,NA,NA,NA
691,REMJ,REMJ21,36072.695,9403574.278,NA,0,0,0,NA,NA,NA,NA,NA,NA
692,REMJ,REMJ22,20961.805,9428687.614,NA,0,1,0,NA,NA,NA,NA,NA,NA
693,REMJ,REMJ23,30908.367,9436494.526,NA,0,0,0,NA,NA,NA,NA,NA,NA
694,REMJ,REMJ24,40714.319,9442204.881,NA,0,0,0,NA,NA,NA,NA,NA,NA
695,REMJ,REMJ25,38415.194,9442141.478,NA,0,0,0,NA,NA,NA,NA,NA,NA
696,REMJ,REMJ27,-40724.979,9356745.209,1,1,1,NA,NA,NA,NA,NA,NA,NA
697,REMJ,REMJ3,-40555.313,9332625.844,0,0,0,NA,NA,NA,NA,NA,NA,NA
698,REMJ,REMJ4,-39692.371,9347221.743,0,0,0,NA,NA,NA,NA,NA,NA,NA
699,REMJ,REMJ5,-38831.745,9349816.458,0,0,0,0,NA,NA,NA,NA,NA,NA
700,REMJ,REMJ6,-39480.062,9358374.606,0,1,0,NA,NA,NA,NA,NA,NA,NA
701,REMJ,REMJ7,-18550.119,9364076.421,0,0,1,NA,NA,NA,NA,NA,NA,NA
702,REMJ,REMJ8,-38781.569,9369410.519,0,0,0,0,NA,NA,NA,NA,NA,NA
703,REMJ,REMJ9,-29952.46,9381319.293,0,0,0,0,NA,NA,NA,NA,NA,NA
704,BRA319,C0002,716236.293,9508844.703,NA,NA,NA,NA,0,0,0,0,NA,NA
705,BRA319,C0003,715836.906,9508513.952,NA,NA,NA,NA,0,0,0,0,0,0
706,BRA319,C0004,715457.427,9508154.392,NA,NA,NA,NA,0,0,0,NA,NA,NA
707,BRA319,C0005,715134.71,9507849.982,NA,NA,NA,NA,0,0,0,0,NA,NA
708,BRA319,C0006,714731.918,9507487.164,NA,NA,NA,NA,0,0,0,NA,NA,NA
709,BRA319,C0007,714381.403,9507162.919,NA,NA,NA,NA,0,0,0,0,NA,NA
710,BRA319,C0008,713978.679,9506823.326,NA,NA,NA,NA,0,NA,NA,NA,NA,NA
711,BRA319,C0009,713637.158,9506539.979,NA,NA,NA,NA,0,0,0,0,NA,NA
712,BRA319,C0010,713242.213,9506201.47,NA,NA,NA,NA,0,0,0,NA,NA,NA
713,BRA319, C0011,714305.224,9511150.246,NA,NA,NA,NA,0,0,0,NA,NA,NA
714,BRA319,C0012,713898.464,9510971.025,NA,NA,NA,NA,0,0,0,0,0,0
715,BRA319,C0013,713529.008,9510621.383,NA,NA,NA,NA,0,0,0,0,NA,NA
716,BRA319,C0014,713170.538,9510226.366,NA,NA,NA,NA,0,0,0,NA,NA,NA
717,BRA319,C0015,712828.815,9509866.697,NA,NA,NA,NA,0,NA,NA,NA,NA,NA
718,BRA319,C0016,712462.724,9509526.999,NA,NA,NA,NA,0,0,0,NA,NA,NA
719,BRA319,C0017,712083.333,9509193.971,NA,NA,NA,NA,0,0,0,NA,NA,NA
720,BRA319,C0018,711684.997,9508831.13,NA,NA,NA,NA,0,NA,NA,NA,NA,NA
721,BRA319, C0019,711318.959,9508508.021,NA,NA,NA,NA,0,0,0,0,NA,NA
722,BRA319,C0020,709455.823,9500556.435,NA,NA,NA,NA,0,0,0,NA,NA,NA
723,BRA319,C0021,709058.869,9500282.077,NA,NA,NA,NA,0,0,0,NA,NA,NA
724,BRA319,C0022,708669.717,9500018.758,NA,NA,NA,NA,0,0,0,0,NA,NA
725,BRA319, C0023,708263.793,9499706.819,NA,NA,NA,NA,0,0,0,0,NA,NA
726,BRA319,C0024,707875.663,9499406.999,NA,NA,NA,NA,0,0,0,NA,NA,NA
727,BRA319,C0025,707463.158,9499122.725,NA,NA,NA,NA,0,NA,NA,NA,NA,NA
728,BRA319,C0026,707067.353,9498857.208,NA,NA,NA,NA,0,0,0,0,0,NA
729,BRA319,C0027,706678.304,9498628.169,NA,NA,NA,NA,0,0,0,0,NA,NA
730,BRA319,C0028,706244.724,9498345.052,NA,NA,NA,NA,0,0,0,0,NA,NA
731,BRA319,C0029,708298.739,9496064.777,NA,NA,NA,NA,0,0,0,0,NA,NA
732,BRA319,C0030,708633.562,9496354.775,NA,NA,NA,NA,0,0,0,0,NA,NA
733,BRA319,C0031,709045.032,9496668.903,NA,NA,NA,NA,0,0,0,NA,NA,NA
734,BRA319,C0032,709443.126,9496959.84,NA,NA,NA,NA,0,0,0,0,NA,NA
735,BRA319,C0033,709793.712,9497332.743,NA,NA,NA,NA,0,0,0,NA,NA,NA
736,BRA319,C0034,710160.73,9497621.548,NA,NA,NA,NA,0,0,0,0,NA,NA
737,BRA319,C0035,710574.341,9497900.277,NA,NA,NA,NA,0,0,0,0,NA,NA
738,BRA319,C0036,710995.761,9498193.362,NA,NA,NA,NA,0,0,0,NA,NA,NA
739,BRA319,C0037,711383.789,9498448.93,NA,NA,NA,NA,0,0,NA,NA,NA,NA
740,BRA319,C0038,648198.478,9438820.471,NA,NA,NA,NA,0,0,0,0,NA,NA
741,BRA319,C0039,647872.898,9438468.428,0,0,0,0,0,NA,NA,NA,NA,NA
742,BRA319,C0040,647519.619,9438124.18,0,0,0,0,0,NA,NA,NA,NA,NA
743,BRA319,C0041,647164.12,9437776.62,0,0,0,0,0,NA,NA,NA,NA,NA
744,BRA319,C0042,646820.892,9437464.415,0,0,0,0,0,NA,NA,NA,NA,NA
745,BRA319,C0043,646463.237,9437143.394,0,0,0,0,0,NA,NA,NA,NA,NA
746,BRA319,C0044,646091.138,9436805.815,0,0,0,0,0,NA,NA,NA,NA,NA
747,BRA319,C0045,645389.188,9436183.643,0,0,0,0,0,NA,NA,NA,NA,NA
748,BRA319,C0047,647370.478,9434084.304,0,0,0,0,0,NA,NA,NA,NA,NA
749,BRA319,C0048,647721.453,9434394.275,0,0,0,0,0,NA,NA,NA,NA,NA
750,BRA319,C0049,648124.645,9434756.104,0,0,0,0,0,NA,NA,NA,NA,NA
751,BRA319,C0050,648354.617,9434986.716,0,0,0,0,0,NA,NA,NA,NA,NA
752,BRA319,C0051,648826.64,9435390.416,0,0,0,0,0,NA,NA,NA,NA,NA
753,BRA319,C0052,649176.651,9435763.41,0,0,0,0,0,NA,NA,NA,NA,NA
754,BRA319,C0053,649622.905,9436033.372,0,0,0,0,0,NA,NA,NA,NA,NA
755,BRA319,C0054,650021.707,9436407.367,0,0,0,0,0,NA,NA,NA,NA,NA
756,BRA319,C0055,650221.684,9436603.761,0,0,0,0,0,NA,NA,NA,NA,NA
757,BRA319,C0056,631292.517,9425257.487,0,0,0,0,0,NA,NA,NA,NA,NA
758,BRA319,C0057,631675.419,9425517.697,0,0,0,0,0,NA,NA,NA,NA,NA
759,BRA319,C0058,632106.103,9425839.731,0,0,0,0,0,NA,NA,NA,NA,NA
760,BRA319,C0059,632535.552,9426092.111,0,0,0,0,1,NA,NA,NA,NA,NA
761,BRA319,C0060,632916.259,9426358.955,0,0,0,0,0,NA,NA,NA,NA,NA
762,BRA319,C0061,633300.278,9426616.946,0,0,0,0,0,NA,NA,NA,NA,NA
763,BRA319,C0062,633734.202,9426885.897,0,0,0,0,0,NA,NA,NA,NA,NA
764,BRA319,C0063,634123.767,9427142.768,0,0,0,0,0,NA,NA,NA,NA,NA
765,BRA319,C0065,632772.014,9422776.97,0,0,0,0,0,NA,NA,NA,NA,NA
766,BRA319,C0066,633174.82,9423015.02,0,0,0,0,0,NA,NA,NA,NA,NA
767,BRA319,C0067,633616.441,9423261.839,0,0,0,0,0,NA,NA,NA,NA,NA
768,BRA319,C0068,634031.432,9423492.123,0,0,0,0,0,NA,NA,NA,NA,NA
769,BRA319,C0069,634468.626,9423738.946,0,0,0,0,0,NA,NA,NA,NA,NA
770,BRA319,C0070,634915.802,9423986.854,0,0,0,0,0,NA,NA,NA,NA,NA
771,BRA319,C0071,635328.635,9424242.566,0,0,0,0,0,NA,NA,NA,NA,NA
772,BRA319,C0072,635724.748,9424448.554,0,0,0,0,0,NA,NA,NA,NA,NA
773,BRA319,C0073,636163.116,9424721.903,0,0,0,0,0,NA,NA,NA,NA,NA
774,BRA319,C0074,600787.958,9401479.287,0,0,1,0,NA,NA,NA,NA,NA,NA
775,BRA319,C0075,600601.256,9401101.472,0,0,0,0,NA,NA,NA,NA,NA,NA
776,BRA319,C0076,600368.991,9400630.86,0,0,0,0,NA,NA,NA,NA,NA,NA
777,BRA319,C0077,600182.328,9400276.261,0,0,0,0,NA,NA,NA,NA,NA,NA
778,BRA319,C0078,599973.385,9399839.885,0,0,0,0,NA,NA,NA,NA,NA,NA
779,BRA319,C0079,599734.479,9399368.176,0,0,0,0,NA,NA,NA,NA,NA,NA
780,BRA319,C0080,599512.207,9398905.287,0,0,0,0,NA,NA,NA,NA,NA,NA
781,BRA319,C0081,599284.396,9398440.194,NA,NA,NA,NA,0,0,0,NA,NA,NA
782,BRA319,C0082,599077.74,9398044.718,0,0,0,0,NA,NA,NA,NA,NA,NA
783,BRA319,C0083,598090.932,9402819.862,0,0,0,0,NA,NA,NA,NA,NA,NA
784,BRA319,C0084,597825.561,9402429.995,0,0,1,0,NA,NA,NA,NA,NA,NA
785,BRA319,C0085,597570.146,9402027.953,0,0,0,0,NA,NA,NA,NA,NA,NA
786,BRA319,C0086,597316.923,9401607.112,0,0,0,0,NA,NA,NA,NA,NA,NA
787,BRA319,C0087,597063.73,9401205.065,0,0,0,0,NA,NA,NA,NA,NA,NA
788,BRA319,C0088,596806.024,9400744.431,0,0,0,0,NA,NA,NA,NA,NA,NA
789,BRA319,C0089,596773.146,9400225.985,0,0,0,0,NA,NA,NA,NA,NA,NA
790,BRA319,C0090,596575.252,9399750.893,0,0,0,0,NA,NA,NA,NA,NA,NA
791,BRA319,C0091,596417.576,9399506.798,0,0,0,0,NA,NA,NA,NA,NA,NA
792,BRA319,C0092,593209.299,9387833.708,0,0,0,0,NA,NA,NA,NA,NA,NA
793,BRA319,C0093,592944.083,9387499.11,0,0,0,0,NA,NA,NA,NA,NA,NA
794,BRA319,C0094,592637.816,9387115.926,0,0,0,0,0,0,0,NA,NA,NA
795,BRA319,C0095,592330.433,9386723.898,0,0,0,0,NA,NA,NA,NA,NA,NA
796,BRA319,C0096,592007.499,9386298.726,0,0,0,0,NA,NA,NA,NA,NA,NA
797,BRA319,C0097,591744.465,9385932.062,0,0,0,0,NA,NA,NA,NA,NA,NA
798,BRA319,C0098,591411.608,9385534.539,0,0,0,0,NA,NA,NA,NA,NA,NA
799,BRA319,C0099,591097.582,9385134.779,0,0,0,0,NA,NA,NA,NA,NA,NA
800,BRA319,C0100,590768.065,9384743.883,0,0,0,0,NA,NA,NA,NA,NA,NA
801,BRA319,C0101,590854.115,9390101.104,0,0,0,0,NA,NA,NA,NA,NA,NA
802,BRA319,C0102,590573.312,9389704.609,0,0,0,0,NA,NA,NA,NA,NA,NA
803,BRA319,C0103,590292.534,9389324.697,1,0,0,0,NA,NA,NA,NA,NA,NA
804,BRA319,C0104,590006.149,9388891.726,0,0,0,0,NA,NA,NA,NA,NA,NA
805,BRA319,C0105,589833.837,9388440.911,0,1,0,0,NA,NA,NA,NA,NA,NA
806,BRA319,C0106,589579.574,9388002.369,0,0,0,0,NA,NA,NA,NA,NA,NA
807,BRA319,C0107,589304.26,9387558.326,0,0,0,0,NA,NA,NA,NA,NA,NA
808,BRA319,C0108,588960.375,9387189.551,0,0,0,0,NA,NA,NA,NA,NA,NA
809,BRA319,C0109,588556.785,9386899.347,0,0,0,0,NA,NA,NA,NA,NA,NA
810,BRA319,C0110,588885.24,9386509.762,0,0,0,0,NA,NA,NA,NA,NA,NA
811,BRA319,C0111,715159.847,9510241.098,NA,NA,NA,NA,NA,NA,0,0,0,0
812,BRA319,C0112,714520.075,9510955.032,NA,NA,NA,NA,NA,NA,1,0,0,0
813,BRA319,C0113,713405.414,9510476.818,NA,NA,NA,NA,NA,NA,0,0,0,0
814,BRA319,C0114,712648.535,9509693.523,NA,NA,NA,NA,NA,NA,NA,NA,0,0
815,BRA319,C0115,711938.678,9509059.415,NA,NA,0,0,0,0,0,NA,NA,NA
816,BRA319,C0116,711215.54,9508436.398,NA,NA,NA,NA,NA,NA,0,NA,NA,NA
817,BRA319,C0117,711929.325,9507588.478,NA,NA,NA,NA,NA,NA,0,0,0,0
818,BRA319,C0118,712520.377,9506931.094,NA,NA,NA,NA,NA,NA,0,0,0,0
819,BRA319,C0119,713212.228,9506196.019,NA,NA,NA,NA,NA,NA,0,0,0,0
820,BRA319,C0120,713870.839,9505488.669,NA,NA,NA,NA,NA,NA,0,0,0,0
821,BRA319,C0121,714053.213,9506885.067,NA,NA,NA,NA,NA,NA,0,0,0,0
822,BRA319,C0122,714818.699,9507562.145,0,1,0,0,0,0,0,NA,NA,NA
823,BRA319,C0123,715538.662,9508230.493,NA,NA,NA,NA,NA,NA,0,0,0,0
824,BRA319,C0124,708811.121,9501478.272,0,0,0,0,0,0,0,NA,NA,NA
825,BRA319,C0125,709429.681,9500747.836,0,0,0,NA,NA,NA,NA,NA,NA,NA
826,BRA319,C0126,710124.808,9500014.979,0,0,0,0,0,0,0,0,NA,NA
827,BRA319,C0127,710764.241,9499211.473,0,0,0,0,0,NA,NA,NA,NA,NA
828,BRA319,C0128,711399.412,9498480.963,0,0,0,0,0,NA,NA,NA,NA,NA
829,BRA319,C0129,710571.037,9497910.24,0,0,0,0,0,NA,NA,NA,NA,NA
830,BRA319,C0130,709799.23,9497320.563,0,0,0,0,0,0,NA,NA,NA,NA
831,BRA319,C0131,709008.348,9496646.879,0,0,0,0,0,0,0,NA,NA,NA
832,BRA319,C0132,708221.324,9495744.248,NA,NA,NA,NA,NA,NA,0,0,0,0
833,BRA319,C0133,707532.802,9496867.486,0,0,0,0,0,0,0,NA,NA,NA
834,BRA319,C0135,706221.346,9498317.463,0,0,0,0,0,0,0,NA,NA,NA
835,BRA319,C0136,705618.404,9499075.48,0,0,0,0,0,0,0,NA,NA,NA
836,BRA319,C0137,707085.185,9498885.917,0,0,0,0,0,0,0,NA,NA,NA
837,BRA319,C0138,707882.356,9499420.253,0,0,0,0,0,0,0,NA,NA,NA
838,BRA319,C0139,708687.513,9500033.09,0,0,0,0,0,NA,NA,NA,NA,NA
839,BRA319,C0140,647778.575,9439505.758,0,0,0,0,0,0,NA,NA,NA,NA
840,BRA319,C0141,648241.706,9438814.853,0,0,0,0,0,NA,NA,NA,NA,NA
841,BRA319,C0142,648881.153,9438143.48,0,0,0,0,NA,NA,NA,NA,NA,NA
842,BRA319,C0145,649711.752,9436106.161,0,NA,NA,NA,NA,NA,NA,NA,NA,NA
843,BRA319,C0146,648917.791,9435505.218,0,0,0,0,NA,NA,NA,NA,NA,NA
844,BRA319,C0147,648165.722,9434783.661,0,0,0,0,0,0,0,NA,NA,NA
845,BRA319,C0148,647335.055,9434109.808,0,0,0,0,0,0,0,NA,NA,NA
846,BRA319,C0149,646727.753,9434761.206,0,0,0,0,0,0,NA,NA,NA,NA
847,BRA319,C0150,646024.147,9435491.296,0,0,0,0,0,0,NA,NA,NA,NA
848,BRA319,C0151,645336.97,9436129.571,0,0,0,0,0,0,NA,NA,NA,NA
849,BRA319,C0152,644647.656,9436813.172,0,0,0,0,0,0,0,NA,NA,NA
850,BRA319,C0153,646074.456,9436780.419,0,0,0,0,0,NA,NA,NA,NA,NA
851,BRA319,C0154,646810.896,9437455.59,0,0,0,0,0,0,0,NA,NA,NA
852,BRA319,C0155,647506.281,9438107.623,0,0,0,0,0,0,0,NA,NA,NA
853,BRA319,C0156,634117.034,9428262.793,0,0,0,0,0,0,0,NA,NA,NA
854,BRA319,C0157,634599.914,9427460.283,0,0,0,0,0,NA,NA,NA,NA,NA
855,BRA319,C0158,635136.978,9426595.746,0,0,0,0,0,0,NA,NA,NA,NA
856,BRA319,C0159,635738.035,9425585.132,0,0,0,0,NA,NA,NA,NA,NA,NA
857,BRA319,C0160,636184.234,9424751.715,0,0,0,0,0,0,NA,NA,NA,NA
858,BRA319,C0161,635319.737,9424227.104,0,0,0,0,0,0,0,NA,NA,NA
859,BRA319,C0162,633592.041,9423254.146,0,0,0,NA,NA,NA,NA,NA,NA,NA
860,BRA319,C0163,632736.515,9422761.559,0,0,0,0,0,0,0,NA,NA,NA
861,BRA319,C0164,632255.891,9423570.69,0,0,0,0,NA,NA,NA,NA,NA,NA
862,BRA319,C0165,631698.95,9424473.937,0,0,0,0,0,NA,NA,NA,NA,NA
863,BRA319,C0166,631304.739,9425272.943,0,NA,NA,NA,NA,NA,NA,NA,NA,NA
864,BRA319,C0167,630716.693,9426155.227,0,0,NA,NA,NA,NA,NA,NA,NA,NA
865,BRA319,C0168,633720.883,9426877.077,0,0,0,0,NA,NA,NA,NA,NA,NA
866,BRA319,C0169,632868.524,9426321.454,0,0,0,NA,NA,NA,NA,NA,NA,NA
867,BRA319,C0170,632063.847,9425767.945,0,0,0,0,0,0,0,NA,NA,NA
868,BRA319,C0171,601607.362,9401157.447,0,0,1,0,0,0,0,NA,NA,NA
869,BRA319,C0172,600806.828,9401502.475,0,0,0,0,0,0,NA,NA,NA,NA
870,BRA319,C0173,599921.122,9401947.117,0,0,0,0,0,0,NA,NA,NA,NA
871,BRA319,C0174,599087.574,9402455.79,0,0,0,0,0,0,NA,NA,NA,NA
872,BRA319,C0175,598210.735,9402916.975,0,0,0,0,0,NA,NA,NA,NA,NA
873,BRA319,C0176,599077.74,9398044.718,0,0,0,0,0,0,NA,NA,NA,NA
874,BRA319,C0178,597210.266,9401403.849,0,0,0,0,0,0,NA,NA,NA,NA
875,BRA319,C0179,596703.713,9400480.357,0,NA,NA,NA,NA,NA,NA,NA,NA,NA
876,BRA319,C0180,596463.016,9399517.788,0,0,0,0,0,0,NA,NA,NA,NA
877,BRA319,C0181,597343.143,9399058.826,0,0,0,0,0,0,NA,NA,NA,NA
878,BRA319,C0182,598230.995,9398586.573,0,0,0,0,0,0,NA,NA,NA,NA
879,BRA319,C0183,599086.56,9398015.961,0,0,0,0,0,0,NA,NA,NA,NA
880,BRA319,C0184,599821.579,9397596.975,0,0,0,0,0,0,NA,NA,NA,NA
881,BRA319,C0185,599476.639,9398827.952,0,0,0,0,0,0,NA,NA,NA,NA
882,BRA319, C0186,599917.846,9399743.786,1,0,0,0,0,0,NA,NA,NA,NA
883,BRA319, C0187,600356.771,9400608.768,0,0,0,0,0,0,NA,NA,NA,NA
884,BRA319, C0188,593774.871,9387505.668,0,0,0,0,0,0,NA,NA,NA,NA
885,BRA319, C0189,593298.078,9387948.556,0,0,NA,NA,NA,NA,NA,NA,NA,NA
886,BRA319, C0190,592511.488,9388654.99,0,0,0,0,0,0,NA,NA,NA,NA
887,BRA319, C0191,591616.417,9389429,0,0,0,0,0,0,NA,NA,NA,NA
888,BRA319, C0192,590874.077,9390117.659,0,0,0,0,0,0,NA,NA,NA,NA
889,BRA319, C0193,590278.135,9389325.822,0,0,0,0,0,0,NA,NA,NA,NA
890,BRA319, C0194,589824.98,9388444.24,0,0,0,0,0,0,NA,NA,NA,NA
891,BRA319,C0195,589287.612,9387534.028,0,0,0,0,0,0,NA,NA,NA,NA
892,BRA319,C0196,588556.755,9386877.237,0,0,0,0,0,0,NA,NA,NA,NA
893,BRA319, C0197,589295.656,9386118.958,0,0,0,0,0,0,NA,NA,NA,NA
894,BRA319,C0198,590014.706,9385435.872,0,0,0,0,0,0,NA,NA,NA,NA
895,BRA319, C0199,590806.884,9384780.311,0,0,0,0,0,0,NA,NA,NA,NA
896,BRA319, C0200,591530.47,9384194.482,0,0,0,0,0,0,NA,NA,NA,NA
897,BRA319, C0201,591461.513,9385577.585,0,0,0,0,0,0,NA,NA,NA,NA
898,BRA319,C0202,592057.405,9386341.771,0,0,0,0,0,0,NA,NA,NA,NA
899,BRA319,C0203,592687.723,9387158.971,0,0,0,0,0,0,0,NA,NA,NA