,V1,V2,V3,V4,V5,V6,V7,V8,V9,V10
1,11,12,12,12,5,0,0,0,0,0
2,9,12,12,12,6,0,0,0,0,0
3,12,12,12,12,3,0,0,0,0,0
4,9,12,12,12,7,0,0,0,0,0
5,12,12,12,12,4,0,0,0,0,0
6,8,12,12,12,8,0,0,0,0,0
7,8,12,12,12,8,0,0,0,0,0
8,9,12,12,12,6,0,0,0,0,0
9,12,12,12,12,4,0,0,0,0,0
10,9,12,12,12,6,0,0,0,0,0
11,9,12,12,12,7,0,0,0,0,0
12,12,12,12,12,4,0,0,0,0,0
13,8,12,12,12,2,0,0,0,0,0
14,12,12,12,12,3,0,0,0,0,0
15,9,12,12,12,6,0,0,0,0,0
16,0,0,0,0,9,12,12,12,3,0
17,12,12,12,12,3,0,0,0,0,0
18,11,12,12,12,5,0,0,0,0,0
19,12,12,12,12,4,0,0,0,0,0
20,0,0,0,0,8,12,12,12,0,0
21,8,12,12,12,4,0,0,0,0,0
22,9,12,12,12,7,0,0,0,0,0
23,11,12,12,12,5,0,0,0,0,0
24,9,12,12,12,7,0,0,0,0,0
25,12,12,12,12,3,0,0,0,0,0
26,11,12,12,12,5,0,0,0,0,0
27,0,0,0,0,4,12,12,12,4,0
28,0,0,0,0,9,12,12,12,0,0
29,0,0,0,0,8,12,12,12,0,0
30,0,0,0,0,9,12,12,11,0,0
31,0,0,0,0,9,12,12,11,0,0
32,0,0,0,0,8,12,12,12,0,0
33,8,12,12,12,8,0,0,0,0,0
34,0,0,0,0,7,12,12,12,2,0
35,0,0,0,0,3,12,12,12,5,0
36,0,0,0,0,7,12,12,12,2,0
37,0,0,0,0,7,12,12,12,2,0
38,0,0,0,0,4,12,12,12,4,0
39,0,0,0,0,4,12,12,12,4,0
40,0,0,0,0,4,12,12,12,4,0
41,0,0,0,0,6,12,12,12,3,0
42,0,0,0,0,6,12,12,12,3,0
43,0,0,0,0,7,12,12,12,2,0
44,0,0,0,0,6,12,12,12,3,0
45,0,0,0,0,3,12,12,12,5,0
46,0,0,0,0,3,12,12,12,4,0
47,0,0,0,0,6,12,12,12,3,0
48,0,0,0,0,8,12,12,12,0,0
49,0,0,0,0,9,12,12,11,0,0
50,0,0,0,0,3,12,12,12,5,0
51,12,12,3,0,0,0,0,0,0,0
52,12,12,3,0,0,0,0,0,0,0
53,12,12,3,0,0,0,0,0,0,0
54,12,12,3,0,0,0,0,0,0,0
55,12,12,4,0,0,0,0,0,0,0
56,12,12,4,0,0,0,0,0,0,0
57,12,12,4,0,0,0,0,0,0,0
58,12,12,4,0,0,0,0,0,0,0
59,12,12,4,0,0,0,0,0,0,0
60,12,12,5,0,0,0,0,0,0,0
61,12,12,5,0,0,0,0,0,0,0
62,12,12,5,0,0,0,0,0,0,0
63,12,12,5,0,0,0,0,0,0,0
64,12,12,5,0,0,0,0,0,0,0
65,12,12,6,0,0,0,0,0,0,0
66,12,12,6,0,0,0,0,0,0,0
67,12,12,6,0,0,0,0,0,0,0
68,12,12,6,0,0,0,0,0,0,0
69,12,12,6,0,0,0,0,0,0,0
70,12,12,8,0,0,0,0,0,0,0
71,12,12,8,0,0,0,0,0,0,0
72,12,12,8,0,0,0,0,0,0,0
73,12,12,8,0,0,0,0,0,0,0
74,11,12,9,0,0,0,0,0,0,0
75,11,12,9,0,0,0,0,0,0,0
76,11,12,9,0,0,0,0,0,0,0
77,11,12,9,0,0,0,0,0,0,0
78,11,12,9,0,0,0,0,0,0,0
79,0,0,0,12,12,7,0,0,0,0
80,0,0,0,12,12,7,0,0,0,0
81,0,0,0,12,12,7,0,0,0,0
82,0,0,0,12,12,7,0,0,0,0
83,0,0,0,12,12,7,0,0,0,0
84,0,0,0,11,12,8,0,0,0,0
85,0,0,0,11,12,8,0,0,0,0
86,0,0,0,11,12,8,0,0,0,0
87,0,0,0,11,12,8,0,0,0,0
88,0,0,0,10,12,10,0,0,0,0
89,0,0,0,10,11,0,0,0,0,0
90,0,0,0,9,12,10,0,0,0,0
91,0,0,0,9,12,3,0,0,0,0
92,0,0,0,9,12,9,0,0,0,0
93,0,0,0,8,12,11,0,0,0,0
94,0,0,0,0,0,2,12,12,8,0
95,0,0,0,8,0,2,12,12,8,0
96,0,0,0,8,12,11,0,0,0,0
97,0,0,0,7,12,12,0,0,0,0
98,0,0,0,7,12,12,0,0,0,0
99,0,0,0,7,12,12,0,0,0,0
100,0,0,0,7,8,0,0,0,0,0
101,0,0,0,7,12,12,0,0,0,0
102,0,0,0,6,12,12,1,0,0,0
103,0,0,0,6,12,12,1,0,0,0
104,0,0,0,6,12,12,1,0,0,0
105,0,0,0,6,12,12,1,0,0,0
106,0,0,0,6,12,12,1,0,0,0
107,0,0,0,5,12,8,0,0,0,0
108,0,0,0,5,12,12,2,0,0,0
109,0,0,0,5,12,12,2,0,0,0
110,0,0,0,5,12,12,2,0,0,0
111,0,0,0,4,12,12,3,0,0,0
112,0,0,0,4,12,12,3,0,0,0
113,0,0,0,4,12,12,3,0,0,0
114,0,0,0,4,12,12,3,0,0,0
115,0,0,0,3,12,6,0,0,0,0
116,0,0,0,3,12,12,5,0,0,0
117,0,0,0,3,12,12,3,0,0,0
118,0,0,0,3,12,12,5,0,0,0
119,0,0,0,3,12,12,5,0,0,0
120,0,0,0,1,10,0,0,0,0,0
121,0,0,0,1,12,12,6,0,0,0
122,0,0,0,0,0,0,11,12,8,0
123,0,0,0,0,0,0,11,12,8,0
124,0,0,0,0,0,0,11,12,8,0
125,0,0,0,0,0,0,11,12,8,0
126,0,0,0,0,0,0,11,12,8,0
127,0,0,0,0,0,0,10,12,9,0
128,0,0,0,0,0,0,10,12,9,0
129,0,0,0,0,0,0,10,12,9,0
130,0,0,0,0,0,0,10,12,9,0
131,0,0,0,0,0,0,10,12,9,0
132,0,0,0,0,0,0,9,12,10,0
133,0,0,0,0,0,0,9,12,9,0
134,0,0,0,0,0,0,9,12,10,0
135,0,0,0,0,0,0,9,12,10,0
136,0,0,0,0,0,0,9,12,10,0
137,0,0,0,0,0,0,7,12,12,0
138,0,0,0,0,0,0,7,12,12,0
139,0,0,0,0,0,0,7,12,12,0
140,0,0,0,0,0,0,7,12,12,0
141,0,0,0,0,0,0,7,12,12,0
142,0,0,0,0,0,0,5,11,0,0
143,0,0,0,0,0,0,5,12,12,2
144,0,0,0,0,0,0,5,12,12,2
145,0,0,0,0,0,0,5,12,12,2
146,0,0,0,0,0,0,5,12,12,2
147,0,0,0,0,0,0,0,12,12,7
148,0,0,0,0,0,0,0,12,12,7
149,0,0,0,0,0,0,0,12,12,7
150,0,0,0,0,0,0,0,12,12,7
151,0,0,0,0,0,0,0,12,12,7
152,0,0,0,0,0,0,0,11,12,8
153,0,0,0,0,0,0,0,11,12,8
154,0,0,0,0,0,0,0,11,12,8
155,0,0,0,0,0,0,0,11,12,8
156,0,0,0,0,0,0,0,11,12,8
157,0,0,0,0,0,0,0,10,12,9
158,0,0,0,0,0,0,0,10,12,9
159,0,0,0,0,0,0,0,10,12,9
160,0,0,0,0,0,0,0,10,12,9
161,0,0,0,0,0,0,0,10,12,9
162,0,0,0,0,0,0,0,9,12,10
163,0,0,0,0,0,0,0,9,12,10
164,0,0,0,0,0,0,0,9,12,10
165,0,0,0,0,0,0,0,9,12,10
166,0,0,0,0,4,12,12,12,12,11
167,0,0,0,0,4,12,12,12,12,11
168,0,0,0,0,4,12,12,12,12,11
169,0,0,0,0,4,12,12,12,12,11
170,0,0,0,0,4,12,12,12,12,11
171,0,0,0,0,2,12,12,5,0,0
172,0,0,0,0,2,12,12,5,0,0
173,0,0,0,0,2,12,12,5,0,0
174,0,0,0,0,0,12,12,7,0,0
175,0,0,0,0,0,12,12,7,0,0
176,0,0,0,0,0,12,12,7,0,0
177,0,0,0,0,0,12,12,7,0,0
178,0,0,0,0,0,12,12,7,0,0
179,0,0,0,0,0,11,12,8,0,0
180,0,0,0,0,0,11,12,8,0,0
181,0,0,0,0,0,11,12,8,0,0
182,0,0,0,0,0,11,12,8,0,0
183,0,0,0,0,0,11,12,8,0,0
184,0,0,0,0,0,10,12,9,0,0
185,0,0,0,0,0,10,12,9,0,0
186,0,0,0,0,0,0,11,12,8,0
187,12,12,7,0,0,0,0,0,0,0
188,12,12,7,0,0,0,0,0,0,0
189,12,12,7,0,0,0,0,0,0,0
190,12,12,7,0,0,0,0,0,0,0
191,12,12,7,0,0,0,0,0,0,0
192,11,12,8,0,0,0,0,0,0,0
193,11,12,8,0,0,0,0,0,0,0
194,11,12,8,0,0,0,0,0,0,0
195,11,12,8,0,0,0,0,0,0,0
196,11,12,8,0,0,0,0,0,0,0
197,9,12,10,0,0,0,0,0,0,0
198,9,12,10,0,0,0,0,0,0,0
199,9,12,10,0,0,0,0,0,0,0
200,9,12,10,0,0,0,0,0,0,0
201,9,12,10,0,0,0,0,0,0,0
202,8,12,11,0,0,0,0,0,0,0
203,8,12,11,0,0,0,0,0,0,0
204,8,12,11,0,0,0,0,0,0,0
205,8,12,11,0,0,0,0,0,0,0
206,8,12,11,0,0,0,0,0,0,0
207,6,12,12,12,7,0,0,0,0,0
208,6,12,12,12,7,0,0,0,0,0
209,6,12,12,12,7,0,0,0,0,0
210,6,12,12,12,7,0,0,0,0,0
211,9,12,12,12,8,0,0,0,0,0
212,9,12,12,12,8,0,0,0,0,0
213,9,2,0,0,0,0,0,0,0,0
214,9,12,12,12,8,0,0,0,0,0
215,9,12,12,12,8,0,0,0,0,0
216,4,12,12,12,9,0,0,0,0,0
217,4,12,12,12,9,0,0,0,0,0
218,4,12,12,12,9,0,0,0,0,0
219,4,12,12,12,9,0,0,0,0,0
220,3,12,12,0,0,0,0,0,0,0
221,3,12,12,12,10,0,0,0,0,0
222,3,12,12,12,10,0,0,0,0,0
223,3,12,12,12,10,0,0,0,0,0
224,3,12,12,12,10,0,0,0,0,0
225,2,12,12,12,11,0,0,0,0,0
226,2,12,12,12,11,0,0,0,0,0
227,2,12,12,12,11,0,0,0,0,0
228,2,12,12,12,11,0,0,0,0,0
229,2,12,12,12,11,0,0,0,0,0
230,1,12,12,12,12,0,0,0,0,0
231,1,12,12,12,12,0,0,0,0,0
232,1,12,12,12,12,0,0,0,0,0
233,1,12,12,12,12,0,0,0,0,0
234,0,0,0,0,0,0,10,12,7,0
235,0,0,0,0,0,0,10,12,7,0
236,0,0,0,0,0,0,10,12,7,0
237,0,0,0,0,0,0,10,12,7,0
238,0,0,0,0,0,0,10,12,7,0
239,0,0,0,0,0,0,9,12,7,0
240,0,0,0,0,0,0,9,12,7,0
241,0,0,0,0,0,0,9,12,7,0
242,0,0,0,0,0,0,9,12,7,0
243,0,0,0,0,0,0,8,12,9,0
244,0,0,0,0,0,0,8,12,9,0
245,0,0,0,0,0,0,8,12,9,0
246,0,0,0,0,0,0,8,12,9,0
247,0,0,0,0,0,0,8,12,9,0
248,0,0,0,0,0,0,7,12,10,0
249,0,0,0,0,0,0,7,12,10,0
250,0,0,0,0,0,0,7,12,10,0
251,0,0,0,0,0,0,6,12,11,0
252,0,0,0,0,0,0,6,12,11,0
253,0,0,0,0,0,0,6,12,11,0
254,0,0,0,0,0,0,6,12,11,0
255,0,0,0,0,0,0,5,12,12,0
256,0,0,0,0,0,0,5,12,12,0
257,0,0,0,0,0,0,5,12,12,0
258,0,0,0,0,0,0,5,12,12,0
259,0,0,0,0,0,0,4,12,12,1
260,0,0,0,0,0,0,4,12,12,1
261,0,0,0,0,0,0,4,12,12,1
262,0,0,0,0,0,0,4,1,0,0
263,0,0,0,0,0,0,4,12,12,1
264,0,0,0,0,0,0,3,12,12,4
265,0,0,0,0,0,0,3,12,12,4
266,0,0,0,0,0,0,3,12,12,4
267,0,0,0,0,0,0,3,12,12,4
268,0,0,0,0,0,0,3,12,12,4
269,0,0,0,0,0,0,2,12,12,5
270,0,0,0,0,0,0,2,12,12,5
271,0,0,0,0,0,0,2,12,12,5
272,0,0,0,0,0,0,2,12,12,5
273,0,0,0,0,0,0,1,5,0,0
274,0,0,0,0,0,0,1,4,0,0
275,0,0,0,0,0,0,1,12,12,7
276,0,0,0,0,0,0,1,12,12,7
277,0,0,0,0,0,0,1,12,12,7
278,0,0,0,0,0,0,0,12,12,8
279,0,0,0,0,0,0,0,12,12,8
280,0,0,0,0,0,0,0,12,12,8
281,0,0,0,0,0,0,0,12,12,8
282,0,0,0,0,0,0,0,12,12,8
283,0,0,0,0,0,7,12,12,0,0
284,0,0,0,0,0,7,12,12,0,0
285,0,0,0,0,0,7,12,12,0,0
286,0,0,0,0,0,7,12,12,0,0
287,0,0,0,0,0,7,12,12,0,0
288,0,0,0,0,0,6,12,12,1,0
289,0,0,0,0,0,6,12,12,1,0
290,0,0,0,0,0,6,12,12,1,0
291,0,0,0,0,0,6,12,12,1,0
292,0,0,0,0,0,6,12,12,1,0
293,0,0,0,0,0,5,12,12,2,0
294,0,0,0,0,0,5,12,12,2,0
295,0,0,0,0,0,5,12,12,2,0
296,0,0,0,0,0,5,12,12,2,0
297,0,0,0,0,0,5,12,12,2,0
298,0,0,0,0,0,4,12,12,3,0
299,0,0,0,0,0,4,12,12,3,0
300,0,0,0,0,0,4,12,12,3,0
301,0,0,0,0,0,4,12,12,3,0
302,0,0,0,0,0,4,12,12,3,0
303,0,0,0,0,0,3,12,12,4,0
304,0,0,0,0,0,3,12,12,4,0
305,0,0,0,0,0,3,12,12,4,0
306,0,0,0,0,0,3,12,12,4,0
307,0,0,0,0,0,3,12,12,4,0
308,0,0,0,0,0,2,12,12,5,0
309,0,0,0,0,0,2,12,12,5,0
310,0,0,0,0,0,2,12,12,5,0
311,0,0,0,0,0,2,12,12,5,0
312,0,0,0,0,0,1,12,12,6,0
313,0,0,0,0,0,1,12,12,6,0
314,0,0,0,0,0,1,12,12,6,0
315,0,0,0,0,0,1,12,12,6,0
316,0,0,0,0,0,1,12,12,6,0
317,0,0,0,0,0,0,11,12,8,0
318,0,0,0,0,0,0,11,12,8,0
319,0,0,0,0,0,0,11,12,8,0
320,0,0,0,0,0,0,11,12,8,0
321,0,0,0,0,0,0,11,12,8,0
322,0,0,0,0,0,0,10,12,9,0
323,0,0,0,0,0,0,10,12,9,0
324,0,0,0,0,0,0,10,12,9,0
325,0,0,0,0,0,0,9,12,12,12
326,0,0,0,0,0,0,9,12,12,12
327,0,0,0,0,0,0,9,12,12,12
328,0,0,0,0,0,0,9,12,12,12
329,0,0,12,12,12,12,12,12,12,7
330,12,12,12,12,12,12,1,0,0,0
331,0,0,12,12,12,12,12,12,12,7
332,12,12,12,12,12,12,1,0,0,0
333,0,0,11,12,12,12,12,12,12,6
334,12,12,12,12,12,12,1,0,0,0
335,0,0,7,12,12,12,12,12,12,11
336,12,12,12,12,12,12,1,0,0,0
337,0,0,10,12,12,12,12,12,12,8
338,12,12,12,12,12,12,1,0,0,0
339,0,0,11,12,12,12,12,12,12,8
340,12,12,12,12,12,12,0,0,0,0
341,0,0,8,12,12,12,12,12,12,12
342,12,12,12,12,12,12,2,0,0,0
343,0,0,10,12,12,12,12,12,12,9
344,12,12,12,12,12,12,0,0,0,0
345,0,0,9,12,12,12,12,12,12,8
346,12,12,12,12,12,12,2,0,0,0
347,0,0,11,12,12,12,12,12,12,9
348,12,11,0,0,0,0,0,0,0,0
349,9,12,12,4,0,0,0,0,0,0
350,9,12,12,5,0,0,0,0,0,0
351,10,12,12,4,0,0,0,0,0,0
352,0,0,10,12,12,12,12,12,12,9
353,12,12,12,12,12,12,0,0,0,0
354,10,12,12,5,0,0,0,0,0,0
355,10,12,12,5,0,0,0,0,0,0
356,10,12,12,4,0,0,0,0,0,0
357,0,0,9,12,12,12,12,12,12,10
358,12,12,12,12,12,12,2,0,0,0
359,6,12,12,6,0,0,0,0,0,0
360,6,12,12,6,0,0,0,0,0,0
361,0,0,9,12,12,12,12,12,12,10
362,12,12,12,12,12,12,1,0,0,0
363,0,0,9,12,12,12,12,12,12,6
364,12,12,12,12,12,12,1,0,0,0
365,0,0,7,12,12,12,12,12,12,10
366,12,12,12,12,12,12,1,0,0,0
367,2,12,12,10,0,0,0,0,0,0
368,0,0,7,12,12,12,12,12,12,10
369,12,12,12,12,12,12,1,0,0,0
370,0,0,8,12,12,12,12,12,12,12
371,12,12,12,12,12,12,1,0,0,0
372,0,0,8,12,12,12,12,12,12,12
373,12,12,12,12,12,12,0,0,0,0
374,0,0,7,12,12,12,12,12,12,11
375,0,0,8,12,12,12,12,12,12,11
376,6,12,12,6,0,0,0,0,0,0
377,4,12,12,8,0,0,0,0,0,0
378,9,12,12,4,0,0,0,0,0,0
379,9,12,12,4,0,0,0,0,0,0
380,9,12,12,4,0,0,0,0,0,0
381,12,12,12,5,0,0,0,0,0,0
382,12,12,12,4,0,0,0,0,0,0
383,10,12,12,4,0,0,0,0,0,0
384,10,12,12,4,0,0,0,0,0,0
385,6,12,12,6,0,0,0,0,0,0
386,6,12,12,6,0,0,0,0,0,0
387,2,12,12,4,0,0,0,0,0,0
388,2,12,12,10,0,0,0,0,0,0
389,9,12,10,0,0,0,0,0,0,0
390,0,0,12,12,12,12,12,12,12,6
391,0,0,12,12,12,12,12,12,12,7
392,0,0,11,12,12,12,12,12,12,7
393,0,0,9,12,12,12,12,12,12,10
394,0,0,10,12,12,12,12,12,12,9
395,0,0,10,12,12,12,12,12,12,7
396,0,0,10,12,12,12,12,12,12,8
397,0,0,10,12,12,12,12,12,12,9
398,0,0,11,12,12,12,12,12,12,8
399,0,0,11,12,12,12,12,12,12,9
400,0,0,11,12,12,12,12,12,12,9
401,0,0,9,12,12,12,12,12,12,6
402,0,0,7,12,12,12,12,12,12,10
403,0,0,7,12,12,12,12,12,12,10
404,0,0,8,12,12,12,12,12,12,12
405,0,0,8,12,12,12,12,12,12,12
406,0,0,7,12,12,12,12,12,12,12
407,0,0,8,12,12,12,12,12,12,11
408,0,0,8,12,12,12,12,12,12,11
409,0,0,8,12,12,12,12,12,12,11
410,2,12,12,10,0,0,0,0,0,0
411,2,12,12,10,0,0,0,0,0,0
412,6,12,12,6,0,0,0,0,0,0
413,12,12,7,0,0,0,0,0,0,0
414,12,12,7,0,0,0,0,0,0,0
415,12,12,7,0,0,0,0,0,0,0
416,12,12,7,0,0,0,0,0,0,0
417,12,12,7,0,0,0,0,0,0,0
418,12,12,7,0,0,0,0,0,0,0
419,12,12,7,0,0,0,0,0,0,0
420,12,12,7,0,0,0,0,0,0,0
421,12,12,7,0,0,0,0,0,0,0
422,12,12,7,0,0,0,0,0,0,0
423,12,12,7,0,0,0,0,0,0,0
424,12,12,7,0,0,0,0,0,0,0
425,12,12,7,0,0,0,0,0,0,0
426,12,12,7,0,0,0,0,0,0,0
427,8,12,12,0,0,0,0,0,0,0
428,8,12,12,0,0,0,0,0,0,0
429,8,12,12,0,0,0,0,0,0,0
430,8,12,12,0,0,0,0,0,0,0
431,8,12,12,0,0,0,0,0,0,0
432,8,12,12,0,0,0,0,0,0,0
433,8,12,12,0,0,0,0,0,0,0
434,8,12,12,0,0,0,0,0,0,0
435,8,12,12,0,0,0,0,0,0,0
436,8,12,12,0,0,0,0,0,0,0
437,8,12,12,0,0,0,0,0,0,0
438,8,12,12,0,0,0,0,0,0,0
439,8,12,12,0,0,0,0,0,0,0
440,8,12,12,0,0,0,0,0,0,0
441,8,12,12,0,0,0,0,0,0,0
442,8,12,12,0,0,0,0,0,0,0
443,0,0,0,0,10,12,12,0,0,0
444,0,0,0,0,10,12,12,0,0,0
445,0,0,0,0,10,12,12,0,0,0
446,0,0,0,0,10,12,12,0,0,0
447,0,0,0,0,10,12,12,0,0,0
448,0,0,0,0,10,12,12,0,0,0
449,0,0,0,0,10,12,12,0,0,0
450,0,0,0,0,10,12,12,0,0,0
451,0,0,0,0,10,12,12,0,0,0
452,0,0,0,0,10,12,12,0,0,0
453,0,0,0,0,10,12,12,0,0,0
454,0,0,0,0,10,12,12,0,0,0
455,0,0,0,0,10,12,12,0,0,0
456,0,0,0,0,10,12,12,0,0,0
457,0,0,0,0,10,12,12,0,0,0
458,0,0,0,0,4,12,12,8,0,0
459,0,0,0,0,4,12,12,8,0,0
460,0,0,0,0,4,12,12,8,0,0
461,0,0,0,0,4,12,12,8,0,0
462,0,0,0,0,4,12,12,8,0,0
463,0,0,0,0,4,12,12,8,0,0
464,0,0,0,0,4,12,12,8,0,0
465,0,0,0,0,4,12,12,8,0,0
466,0,0,0,0,4,12,12,8,0,0
467,0,0,0,0,4,12,12,8,0,0
468,0,0,0,0,4,12,12,8,0,0
469,0,0,0,0,4,12,12,8,0,0
470,0,0,0,0,4,12,12,8,0,0
471,0,0,0,0,4,12,12,8,0,0
472,0,0,0,0,4,12,12,8,0,0
473,12,12,12,12,12,2,0,0,0,0
474,12,12,12,12,12,2,0,0,0,0
475,12,12,12,12,12,2,0,0,0,0
476,12,12,12,12,12,2,0,0,0,0
477,12,12,12,12,12,2,0,0,0,0
478,4,12,12,12,12,11,0,0,0,0
479,4,12,12,12,12,11,0,0,0,0
480,4,12,12,12,12,11,0,0,0,0
481,4,12,12,12,12,11,0,0,0,0
482,4,12,12,12,12,11,0,0,0,0
483,4,12,12,12,12,11,0,0,0,0
484,12,12,12,12,12,2,0,0,0,0
485,4,12,12,12,12,11,0,0,0,0
486,4,12,12,12,12,11,0,0,0,0
487,4,12,12,12,12,11,0,0,0,0
488,4,12,12,12,12,11,0,0,0,0
489,4,12,12,12,12,11,0,0,0,0
490,4,12,12,12,12,11,0,0,0,0
491,4,12,12,12,12,11,0,0,0,0
492,4,12,12,12,12,11,0,0,0,0
493,4,12,12,12,12,11,0,0,0,0
494,4,12,12,12,12,11,0,0,0,0
495,12,12,12,12,12,2,0,0,0,0
496,4,12,12,12,12,11,0,0,0,0
497,12,12,12,12,12,2,0,0,0,0
498,12,12,12,12,12,2,0,0,0,0
499,12,12,12,12,12,2,0,0,0,0
500,12,12,12,12,12,2,0,0,0,0
501,12,12,12,12,12,2,0,0,0,0
502,12,12,12,12,12,2,0,0,0,0
503,8,12,12,12,12,12,0,0,0,0
504,11,12,12,12,12,12,0,0,0,0
505,11,12,12,12,9,0,0,0,0,0
506,11,12,12,12,12,12,0,0,0,0
507,11,12,12,12,12,12,1,0,0,0
508,11,12,12,12,12,12,0,0,0,0
509,11,12,12,12,12,12,1,0,0,0
510,9,12,12,12,12,12,1,0,0,0
511,9,12,12,12,12,12,1,0,0,0
512,9,12,12,12,12,12,1,0,0,0
513,8,12,12,12,12,12,1,0,0,0
514,9,12,12,12,12,12,1,0,0,0
515,9,12,12,12,12,12,1,0,0,0
516,10,12,12,12,12,12,0,0,0,0
517,10,12,12,12,12,12,0,0,0,0
518,10,12,12,12,12,12,0,0,0,0
519,10,12,12,12,12,12,0,0,0,0
520,10,12,12,12,12,12,0,0,0,0
521,8,12,12,12,12,12,1,0,0,0
522,8,12,12,12,12,12,1,0,0,0
523,8,12,12,12,12,12,1,0,0,0
524,8,12,12,12,12,11,0,0,0,0
525,8,12,12,12,12,12,1,0,0,0
526,2,12,12,12,12,4,0,0,0,0
527,2,12,12,12,12,4,0,0,0,0
528,1,12,12,12,12,4,0,0,0,0
529,1,12,12,12,12,4,0,0,0,0
530,3,12,12,12,12,4,0,0,0,0
531,3,12,12,12,12,4,0,0,0,0
532,12,12,12,12,12,8,0,0,0,0
533,5,12,12,12,12,5,0,0,0,0
534,2,12,12,12,12,4,0,0,0,0
535,2,12,12,12,12,4,0,0,0,0
536,3,12,12,12,12,7,0,0,0,0
537,3,12,12,12,12,7,0,0,0,0
538,1,12,12,12,12,7,0,0,0,0
539,0,12,12,12,12,7,0,0,0,0
540,5,12,12,12,12,5,0,0,0,0
541,5,12,12,12,12,5,0,0,0,0
542,4,12,12,12,12,5,0,0,0,0
543,4,12,12,12,12,5,0,0,0,0
544,4,12,12,12,12,5,0,0,0,0
545,4,12,12,12,12,5,0,0,0,0
546,3,12,12,12,12,5,0,0,0,0
547,3,12,12,12,12,5,0,0,0,0
548,5,12,12,12,12,5,0,0,0,0
549,5,12,12,12,12,5,0,0,0,0
550,4,12,12,12,12,5,0,0,0,0
551,1,12,12,12,12,5,0,0,0,0
552,1,12,12,12,12,5,0,0,0,0
553,6,12,12,12,12,6,0,0,0,0
554,6,12,12,12,12,6,0,0,0,0
555,5,12,12,12,12,6,0,0,0,0
556,5,12,12,12,12,6,0,0,0,0
557,6,12,12,12,12,5,0,0,0,0
558,6,12,12,12,12,6,0,0,0,0
559,6,12,12,12,12,6,0,0,0,0
560,8,12,12,12,12,6,0,0,0,0
561,8,12,12,12,12,6,0,0,0,0
562,7,12,12,12,12,6,0,0,0,0
563,7,12,12,12,12,6,0,0,0,0
564,6,12,12,12,12,9,0,0,0,0
565,6,12,12,12,12,9,0,0,0,0
566,6,12,12,12,12,9,0,0,0,0
567,6,12,12,12,12,9,0,0,0,0
568,12,12,12,12,12,9,0,0,0,0
569,11,12,12,12,12,9,0,0,0,0
570,11,12,12,12,12,9,0,0,0,0
571,11,12,12,12,12,9,0,0,0,0
572,10,12,12,12,12,9,0,0,0,0
573,9,12,12,12,12,9,0,0,0,0
574,9,12,12,12,12,8,0,0,0,0
575,11,12,12,1,0,0,0,0,0,0
576,10,12,12,12,12,8,0,0,0,0
577,10,12,12,12,12,8,0,0,0,0
578,9,12,12,12,12,8,0,0,0,0
579,8,12,12,12,12,7,0,0,0,0
580,8,12,12,12,12,8,0,0,0,0
581,7,12,12,12,12,8,0,0,0,0
582,7,12,12,12,12,7,0,0,0,0
583,10,12,12,12,12,7,0,0,0,0
584,10,12,12,12,12,8,0,0,0,0
585,10,12,12,12,12,7,0,0,0,0
586,9,12,12,12,12,7,0,0,0,0
587,0,6,12,4,0,0,0,0,0,0
588,0,6,9,0,0,0,0,0,0,0
589,0,6,12,4,0,0,0,0,0,0
590,0,6,12,4,0,0,0,0,0,0
591,12,2,0,0,0,0,0,0,0,0
592,12,2,0,0,0,0,0,0,0,0
593,12,12,12,12,12,12,12,12,12,2
594,12,2,0,0,0,0,0,0,0,0
595,0,0,0,0,5,12,12,12,7,0
596,0,0,6,12,8,0,0,0,0,0
597,0,0,0,0,2,12,12,12,12,12
598,0,0,0,0,2,12,12,12,12,11
599,4,12,12,8,0,0,0,0,0,0
600,4,12,12,8,0,0,0,0,0,0
601,4,12,12,8,0,0,0,0,0,0
602,4,12,12,8,0,0,0,0,0,0
603,0,0,0,0,2,12,12,12,12,11
604,3,12,12,8,0,0,0,0,0,0
605,3,12,12,8,0,0,0,0,0,0
606,0,0,0,0,2,12,12,12,12,11
607,2,12,12,9,0,0,0,0,0,0
608,0,0,0,0,2,12,12,12,12,12
609,0,12,12,9,0,0,0,0,0,0
610,0,12,12,9,0,0,0,0,0,0
611,1,11,12,9,0,0,0,0,0,0
612,0,11,0,0,0,0,0,0,0,0
613,0,11,12,9,0,0,0,0,0,0
614,0,9,12,11,0,0,0,0,0,0
615,0,9,12,11,0,0,0,0,0,0
616,0,1,0,0,0,0,0,0,0,0
617,0,9,12,12,0,0,0,0,0,0
618,0,9,12,11,0,0,0,0,0,0
619,0,0,6,12,7,0,0,0,0,0
620,0,0,6,12,7,0,0,0,0,0
621,0,0,6,12,8,0,0,0,0,0
622,0,0,5,12,8,0,0,0,0,0
623,0,0,5,12,8,0,0,0,0,0
624,0,0,5,12,8,0,0,0,0,0
625,0,0,0,0,4,12,12,12,4,0
626,0,0,0,0,2,12,12,12,12,11
627,11,12,12,3,0,0,0,0,0,0
628,11,12,12,3,0,0,0,0,0,0
629,10,12,12,3,0,0,0,0,0,0
630,4,12,12,8,0,0,0,0,0,0
631,9,12,12,4,0,0,0,0,0,0
632,0,10,12,12,2,0,0,0,0,0
633,0,0,0,0,8,12,12,12,9,0
634,0,5,12,12,2,0,0,0,0,0
635,0,0,0,0,8,12,12,12,8,0
636,0,7,12,12,3,0,0,0,0,0
637,0,0,0,0,6,12,12,12,8,0
638,0,6,12,12,3,0,0,0,0,0
639,0,0,0,0,8,12,12,12,8,0
640,0,8,12,12,3,0,0,0,0,0
641,0,0,0,0,6,12,12,12,12,0
642,0,7,12,12,4,0,0,0,0,0
643,0,0,0,0,6,12,12,12,12,0
644,0,2,12,12,1,0,0,0,0,0
645,0,0,0,0,6,12,12,12,9,0
646,0,2,12,12,12,12,12,12,6,0
647,0,0,0,0,6,12,12,12,9,0
648,0,10,12,12,8,0,0,0,0,0
649,0,0,0,0,6,12,12,12,10,0
650,0,4,12,12,1,0,0,0,0,0
651,0,0,0,0,7,12,12,12,11,0
652,0,4,12,12,1,0,0,0,0,0
653,0,0,0,0,7,12,12,12,11,0
654,0,3,12,12,9,0,0,0,0,0
655,0,0,0,0,7,12,12,12,11,0
656,0,3,12,12,9,0,0,0,0,0
657,0,0,0,0,3,12,12,12,12,1
658,0,2,12,12,1,0,0,0,0,0
659,0,0,0,0,5,12,12,12,7,0
660,0,4,12,12,9,0,0,0,0,0
661,0,8,12,12,3,0,0,0,0,0
662,0,0,0,0,7,12,12,12,10,0
663,0,7,12,12,3,0,0,0,0,0
664,0,0,0,0,7,12,12,12,10,0
665,0,6,12,12,3,0,0,0,0,0
666,0,0,0,0,8,12,12,12,8,0
667,0,6,12,12,3,0,0,0,0,0
668,0,0,0,0,4,12,12,12,12,1
669,0,6,12,12,3,0,0,0,0,0
670,6,12,12,6,0,0,0,0,0,0
671,0,11,12,9,0,0,0,0,0,0
672,4,12,12,8,0,0,0,0,0,0
673,4,12,12,8,0,0,0,0,0,0
674,4,12,12,8,0,0,0,0,0,0
675,3,12,12,8,0,0,0,0,0,0
676,0,5,12,12,8,0,0,0,0,0
677,0,5,12,12,8,0,0,0,0,0
678,0,0,0,0,5,12,12,12,7,0
679,12,12,8,0,0,0,0,0,0,0
680,8,12,12,1,0,0,0,0,0,0
681,9,12,10,0,0,0,0,0,0,0
682,5,12,12,3,0,0,0,0,0,0
683,4,12,12,3,0,0,0,0,0,0
684,2,12,12,5,0,0,0,0,0,0
685,4,12,12,4,0,0,0,0,0,0
686,3,12,12,4,0,0,0,0,0,0
687,1,12,12,6,0,0,0,0,0,0
688,1,12,12,6,0,0,0,0,0,0
689,12,12,7,0,0,0,0,0,0,0
690,0,12,12,8,0,0,0,0,0,0
691,0,12,12,8,0,0,0,0,0,0
692,0,11,12,9,0,0,0,0,0,0
693,0,10,12,10,0,0,0,0,0,0
694,0,10,12,9,0,0,0,0,0,0
695,0,10,12,9,0,0,0,0,0,0
696,10,12,10,0,0,0,0,0,0,0
697,11,12,8,0,0,0,0,0,0,0
698,11,12,8,0,0,0,0,0,0,0
699,11,12,12,1,0,0,0,0,0,0
700,9,12,10,0,0,0,0,0,0,0
701,6,12,12,0,0,0,0,0,0,0
702,8,12,12,1,0,0,0,0,0,0
703,6,12,12,2,0,0,0,0,0,0
704,0,0,0,0,6,12,12,4,0,0
705,0,0,0,0,6,12,12,12,12,7
706,0,0,0,0,6,12,11,0,0,0
707,0,0,0,0,6,12,12,9,0,0
708,0,0,0,0,6,12,12,0,0,0
709,0,0,0,0,6,12,12,1,0,0
710,0,0,0,0,3,0,0,0,0,0
711,0,0,0,0,6,12,12,7,0,0
712,0,0,0,0,6,12,3,0,0,0
713,0,0,0,0,6,12,9,0,0,0
714,0,0,0,0,6,12,12,12,12,10
715,0,0,0,0,6,12,12,9,0,0
716,0,0,0,0,6,12,11,0,0,0
717,0,0,0,0,1,0,0,0,0,0
718,0,0,0,0,6,12,11,0,0,0
719,0,0,0,0,6,12,11,0,0,0
720,0,0,0,0,1,0,0,0,0,0
721,0,0,0,0,6,12,12,4,0,0
722,0,0,0,0,6,12,12,0,0,0
723,0,0,0,0,6,12,9,0,0,0
724,0,0,0,0,6,12,12,5,0,0
725,0,0,0,0,6,12,12,1,0,0
726,0,0,0,0,6,12,11,0,0,0
727,0,0,0,0,6,0,0,0,0,0
728,0,0,0,0,6,12,12,12,2,0
729,0,0,0,0,6,12,12,2,0,0
730,0,0,0,0,6,12,12,3,0,0
731,0,0,0,0,6,12,12,12,0,0
732,0,0,0,0,6,12,12,1,0,0
733,0,0,0,0,6,12,11,0,0,0
734,0,0,0,0,6,12,12,5,0,0
735,0,0,0,0,6,12,12,0,0,0
736,0,0,0,0,6,12,12,6,0,0
737,0,0,0,0,6,12,12,5,0,0
738,0,0,0,0,6,12,3,0,0,0
739,0,0,0,0,6,7,0,0,0,0
740,0,0,0,0,7,12,12,10,0,0
741,10,12,12,12,3,0,0,0,0,0
742,10,12,12,12,3,0,0,0,0,0
743,10,12,12,12,3,0,0,0,0,0
744,10,12,12,12,3,0,0,0,0,0
745,10,12,12,12,3,0,0,0,0,0
746,10,12,12,12,3,0,0,0,0,0
747,10,12,12,12,3,0,0,0,0,0
748,10,12,12,12,3,0,0,0,0,0
749,10,12,12,12,5,0,0,0,0,0
750,10,12,12,12,4,0,0,0,0,0
751,10,12,12,12,4,0,0,0,0,0
752,10,12,12,12,5,0,0,0,0,0
753,10,12,12,12,4,0,0,0,0,0
754,10,12,12,12,4,0,0,0,0,0
755,10,12,12,12,5,0,0,0,0,0
756,10,12,12,12,4,0,0,0,0,0
757,11,12,12,12,3,0,0,0,0,0
758,11,12,12,12,3,0,0,0,0,0
759,11,12,12,12,3,0,0,0,0,0
760,11,12,12,12,3,0,0,0,0,0
761,11,12,12,12,3,0,0,0,0,0
762,11,12,12,12,3,0,0,0,0,0
763,11,12,12,12,3,0,0,0,0,0
764,11,12,12,12,3,0,0,0,0,0
765,11,12,12,12,3,0,0,0,0,0
766,11,12,12,12,3,0,0,0,0,0
767,11,12,12,12,3,0,0,0,0,0
768,11,12,12,12,3,0,0,0,0,0
769,11,12,12,12,3,0,0,0,0,0
770,11,12,12,12,3,0,0,0,0,0
771,11,12,12,12,3,0,0,0,0,0
772,11,12,12,12,3,0,0,0,0,0
773,11,12,12,12,3,0,0,0,0,0
774,12,12,12,10,0,0,0,0,0,0
775,12,12,12,10,0,0,0,0,0,0
776,12,12,12,10,0,0,0,0,0,0
777,12,12,12,10,0,0,0,0,0,0
778,12,12,12,10,0,0,0,0,0,0
779,12,12,12,10,0,0,0,0,0,0
780,12,12,12,10,0,0,0,0,0,0
781,0,0,0,0,11,12,9,0,0,0
782,12,12,12,10,0,0,0,0,0,0
783,12,12,12,10,0,0,0,0,0,0
784,12,12,12,10,0,0,0,0,0,0
785,12,12,12,10,0,0,0,0,0,0
786,12,12,12,10,0,0,0,0,0,0
787,12,12,12,10,0,0,0,0,0,0
788,12,12,12,10,0,0,0,0,0,0
789,12,12,12,10,0,0,0,0,0,0
790,12,12,12,10,0,0,0,0,0,0
791,12,12,12,10,0,0,0,0,0,0
792,12,12,12,10,0,0,0,0,0,0
793,12,12,12,10,0,0,0,0,0,0
794,12,12,12,12,12,12,8,0,0,0
795,12,12,12,10,0,0,0,0,0,0
796,12,12,12,10,0,0,0,0,0,0
797,12,12,12,10,0,0,0,0,0,0
798,12,12,12,1,0,0,0,0,0,0
799,12,12,12,10,0,0,0,0,0,0
800,12,12,12,10,0,0,0,0,0,0
801,12,12,12,10,0,0,0,0,0,0
802,12,12,12,10,0,0,0,0,0,0
803,12,12,12,10,0,0,0,0,0,0
804,12,12,12,10,0,0,0,0,0,0
805,12,12,12,10,0,0,0,0,0,0
806,12,12,12,10,0,0,0,0,0,0
807,12,12,12,10,0,0,0,0,0,0
808,12,12,12,10,0,0,0,0,0,0
809,12,12,12,10,0,0,0,0,0,0
810,12,12,12,10,0,0,0,0,0,0
811,0,0,0,0,0,0,11,12,12,12
812,0,0,0,0,0,0,11,12,12,12
813,0,0,0,0,0,0,4,12,12,12
814,0,0,0,0,0,0,0,0,10,12
815,0,0,4,12,12,12,2,0,0,0
816,0,0,0,0,0,0,8,0,0,0
817,0,0,0,0,0,0,11,12,12,12
818,0,0,0,0,0,0,11,12,12,12
819,0,0,0,0,0,0,11,12,12,12
820,0,0,0,0,0,0,11,12,12,12
821,0,0,0,0,0,0,11,12,12,12
822,8,12,12,12,12,12,7,0,0,0
823,0,0,0,0,0,0,11,12,12,12
824,8,12,12,12,12,12,7,0,0,0
825,10,12,11,0,0,0,0,0,0,0
826,8,12,12,12,12,12,12,3,0,0
827,12,12,12,12,11,0,0,0,0,0
828,8,12,12,12,2,0,0,0,0,0
829,8,12,12,12,7,0,0,0,0,0
830,8,12,12,12,12,4,0,0,0,0
831,8,12,12,12,12,12,2,0,0,0
832,0,0,0,0,0,0,3,12,12,12
833,8,12,12,12,12,12,7,0,0,0
834,8,12,12,12,12,12,2,0,0,0
835,8,12,12,12,12,12,7,0,0,0
836,8,12,12,12,12,12,10,0,0,0
837,8,12,12,12,12,12,7,0,0,0
838,8,12,12,12,4,0,0,0,0,0
839,9,12,12,12,12,4,0,0,0,0
840,9,12,12,12,7,0,0,0,0,0
841,9,12,12,7,0,0,0,0,0,0
842,8,0,0,0,0,0,0,0,0,0
843,9,12,12,2,0,0,0,0,0,0
844,9,12,12,12,12,12,5,0,0,0
845,9,12,12,12,12,12,5,0,0,0
846,9,12,12,12,12,2,0,0,0,0
847,9,12,12,12,12,9,0,0,0,0
848,9,12,12,12,12,1,0,0,0,0
849,9,12,12,12,12,12,5,0,0,0
850,9,12,12,12,9,0,0,0,0,0
851,9,12,12,12,12,12,5,0,0,0
852,9,12,12,12,12,12,5,0,0,0
853,10,12,12,12,12,12,3,0,0,0
854,10,12,12,12,4,0,0,0,0,0
855,10,12,12,12,12,1,0,0,0,0
856,10,12,12,7,0,0,0,0,0,0
857,10,12,12,12,12,7,0,0,0,0
858,10,12,12,12,12,12,3,0,0,0
859,10,12,9,0,0,0,0,0,0,0
860,10,12,12,12,12,12,3,0,0,0
861,10,12,12,10,0,0,0,0,0,0
862,10,12,12,12,12,0,0,0,0,0
863,8,0,0,0,0,0,0,0,0,0
864,10,6,0,0,0,0,0,0,0,0
865,10,12,12,10,0,0,0,0,0,0
866,10,12,7,0,0,0,0,0,0,0
867,10,12,12,12,12,12,2,0,0,0
868,11,12,12,12,12,12,1,0,0,0
869,11,12,12,12,12,11,0,0,0,0
870,11,12,12,12,12,11,0,0,0,0
871,11,12,12,12,12,11,0,0,0,0
872,11,12,12,12,12,0,0,0,0,0
873,11,12,12,12,12,11,0,0,0,0
874,11,12,12,12,12,11,0,0,0,0
875,5,0,0,0,0,0,0,0,0,0
876,11,12,12,12,12,11,0,0,0,0
877,12,12,12,12,12,10,0,0,0,0
878,11,12,12,12,12,11,0,0,0,0
879,11,12,12,12,12,11,0,0,0,0
880,11,12,12,12,12,11,0,0,0,0
881,11,12,12,12,12,11,0,0,0,0
882,11,12,12,12,12,11,0,0,0,0
883,11,12,12,12,12,11,0,0,0,0
884,12,12,12,12,12,11,0,0,0,0
885,12,8,0,0,0,0,0,0,0,0
886,12,12,12,12,12,11,0,0,0,0
887,12,12,12,12,12,11,0,0,0,0
888,12,12,12,12,12,11,0,0,0,0
889,12,12,12,12,12,11,0,0,0,0
890,10,12,12,12,12,11,0,0,0,0
891,12,12,12,12,12,11,0,0,0,0
892,12,12,12,12,12,11,0,0,0,0
893,12,12,12,12,12,11,0,0,0,0
894,12,12,12,12,12,11,0,0,0,0
895,12,12,12,12,12,11,0,0,0,0
896,12,12,12,12,12,11,0,0,0,0
897,12,12,12,12,12,12,0,0,0,0
898,12,12,12,12,12,11,0,0,0,0
899,12,12,12,12,12,12,1,0,0,0