kamera,region,dist_fluss,seehoehe,x,y
1,RDSA,1446.76157,136.8378378,-64.66026,-2.43865
2,RDSA,2389.425046,123.3470149,-64.6325,-2.51364
3,RDSA,1303.64004,117.3374083,-64.6355,-2.47573
4,RDSA,2801.580033,120.2576687,-64.64866,-2.52199
5,RDSA,4046.239652,141.5551471,-64.60734,-2.52016
6,RDSA,1738.5455,130.0098888,-64.67484,-2.47828
7,RDSA,1162.213146,133.3915737,-64.68134,-2.46056
8,RDSA,52.83468723,121.7425743,-64.64894,-2.48598
9,RDSA,182.365736,125.6749073,-64.6289,-2.49141
10,RDSA,4031.223832,114.6522277,-64.6218,-2.52592
11,RDSA,311.668903,115.7886279,-64.66358,-2.49269
12,RDSA,672.2305943,124.1488315,-64.61526,-2.49039
13,RDSA,45.3801355,105.0588957,-64.67551,-2.44547
14,RDSA,2472.992144,90.9161529,-64.63439,-2.44516
15,RDSA,742.1764454,122.6728167,-64.64214,-2.50099
16,RDSA,493.309975,122.8096415,-64.62042,-2.47485
17,RDSA,2079.778549,123.5302096,-64.64846,-2.44942
18,RDSA,373.0653552,115.8665019,-64.66284,-2.45619
19,RDSA,2252.607393,120.3953488,-64.61624,-2.50634
20,RDSA,2405.401634,124.7149938,-64.60247,-2.50333
21,RDSA,1629.723765,121.9581281,-64.62653,-2.46088
22,RDSA,1186.99527,131.8347719,-64.65899,-2.50923
23,RDSA,0,108.32134,-64.65794,-2.47167
24,RDSA,4225.198738,160.4154412,-64.6375,-2.53512
25,RDSA,1541.240111,121.0906863,-64.64505,-2.46281
26,RDSA,2840.678799,109.739777,-64.64622,-2.43277
27,RDSA,124.1902396,117.8388684,-64.58757,-2.48358
28,RDSA,418.5045331,157.9679408,-64.61612,-2.43888
29,RDSA,403.1834756,127.4538745,-64.6058,-2.48527
30,RDSA,0,114.4220297,-64.61049,-2.45346
31,RDSA,142.9316237,115.4378844,-64.60694,-2.46825
32,RDSA,2655.692419,88.41738066,-64.58644,-2.51885
33,RDSA,1803.477839,97.65432099,-64.69112,-2.45004
34,RDSA,0,121.4495074,-64.61189,-2.42136
35,RDSA,254.395299,131.5153752,-64.55707,-2.48155
36,RDSA,1805.380088,89.47542998,-64.59065,-2.46154
37,RDSA,1626.371289,124.1342365,-64.59384,-2.44563
38,RDSA,508.9488055,104.3189122,-64.56691,-2.5155
39,RDSA,38.69084061,116.7261614,-64.56777,-2.49871
40,RDSA,424.1841089,95.80321782,-64.57002,-2.4825
41,RDSA,717.4292849,91.69050555,-64.58886,-2.4203
42,RDSA,2154.398845,133.7722772,-64.58167,-2.43391
43,RDSA,720.3825165,138.2130542,-64.59872,-2.42909
44,RDSA,1893.80775,128.6752768,-64.57777,-2.451
45,RDSA,56.4080797,105.4071341,-64.55849,-2.46391
46,RDSA,465.2857968,125.6493827,-64.56175,-2.44738
47,RDSA,1284.030998,108.4561187,-64.57419,-2.46702
48,RDSA,1898.685379,126.3985149,-64.58652,-2.50104
49,RDSA,1523.746064,116.6535627,-64.62764,-2.42595
50,RDSA,1239.507085,139.1551724,-64.56306,-2.43924
1012,REMJ,530.0093768,102.8947368,-67.26968,-5.4492
1013,REMJ,1028.996506,101.4230769,-67.26511938,-5.452811401
1014,REMJ,1330.139253,101.1428571,-67.25204838,-5.46539926
1015,REMJ,0,119.734375,-67.23177373,-5.480104471
1021,REMJ,760.0808106,106.0153846,-67.33889907,-5.526281549
1022,REMJ,960.4071419,105.8730159,-67.33739653,-5.524045425
1023,REMJ,1555.629456,104.4094488,-67.33262094,-5.519919684
1024,REMJ,2473.865691,100.648855,-67.31938834,-5.508128107
1025,REMJ,267.7045095,104.2868217,-67.29953639,-5.503427535
1031,REMJ,1404.847313,95.37795276,-67.211257,-5.390645
1032,REMJ,1522.15897,92.71544715,-67.21041933,-5.393206431
1033,REMJ,1410.202332,98.49230769,-67.20735859,-5.39830137
1034,REMJ,401.047714,115.8984375,-67.19813322,-5.413713595
1035,REMJ,539.6453334,111.8294574,-67.18179957,-5.435067499
1041,REMJ,348.1425646,99.65354331,-67.1915173,-5.384524371
1042,REMJ,647.8956795,105.0152672,-67.18859696,-5.384117011
1043,REMJ,1163.924579,110.8661417,-67.1834876,-5.381030794
1044,REMJ,497.0240173,112.4,-67.1652951,-5.380076766
1045,REMJ,653.8979182,112.9461538,-67.13827654,-5.378753347
1051,REMJ,108.0703928,94.27868852,-67.44457969,-5.315440055
1052,REMJ,420.2808868,101.796875,-67.44822457,-5.315474672
1053,REMJ,938.8773809,104.1692308,-67.45405141,-5.31607247
1054,REMJ,665.0130163,99.96992481,-67.47223662,-5.316146063
1061,REMJ,1251.687104,101.2913386,-67.53758018,-5.409574863
1062,REMJ,1048.542504,102.5769231,-67.54009349,-5.409404291
1063,REMJ,686.371031,102.0230769,-67.54609368,-5.408396618
1064,REMJ,528.9603231,95.0952381,-67.55513951,-5.400928678
1065,REMJ,1060.713837,93.82307692,-67.55341602,-5.396118639
2011,REMJ,1387.585423,84.2265625,-66.81652847,-5.067483243
2012,REMJ,1694.126916,89.015625,-66.81375213,-5.067845592
2013,REMJ,1419.341272,102.4351145,-66.80840783,-5.068245744
2014,REMJ,0,99.953125,-66.79008599,-5.069271522
2015,REMJ,2219.429579,105.6259542,-66.76776222,-5.070781857
2021,REMJ,0,98.00740741,-66.86803233,-5.134188691
2022,REMJ,45.20077807,98.75968992,-66.86731811,-5.136741484
2023,REMJ,96.79560109,113.5193798,-66.86516329,-5.143603329
2024,REMJ,1.620190147,112.5572519,-66.85436874,-5.156607348
2031,REMJ,1009.748816,91.03149606,-67.12297194,-5.056823306
2032,REMJ,1095.835154,92.68461538,-67.12546488,-5.05641737
2033,REMJ,445.3078469,103.6456693,-67.12673784,-5.048740972
2034,REMJ,498.6537564,97.84251969,-67.13234634,-5.031871889
2035,REMJ,608.8785711,102.7131783,-67.11545991,-5.003631329
2041,REMJ,1245.240121,104.5275591,-67.13514053,-5.04786456
2042,REMJ,1292.480891,103.7692308,-67.13632582,-5.045718206
2043,REMJ,1323.921941,104.9846154,-67.13839187,-5.039968137
2044,REMJ,1295.782977,100.7744361,-67.14225224,-5.022513662
2051,REMJ,4211.060997,96.09230769,-67.1668937,-5.061421115
2052,REMJ,4332.435732,100.7923077,-67.16824553,-5.058816187
2053,REMJ,4301.881067,104.0077519,-67.17267352,-5.054794298
2054,REMJ,3638.922232,102.6240602,-67.18503373,-5.041940063
2055,REMJ,2510.838434,105.7067669,-67.19642607,-5.015868573
2061,REMJ,0,104.8769231,-67.21434114,-5.066099139
2062,REMJ,65.76318569,100.4076923,-67.2125428,-5.063801911
2063,REMJ,536.7637993,101.5384615,-67.208594,-5.059378361
2064,REMJ,848.1492288,104.778626,-67.21075494,-5.039686672
2065,REMJ,458.2934801,99.12307692,-67.21493701,-5.012410618
2071,REMJ,1810.707591,99.34615385,-67.22625098,-5.089116599
2072,REMJ,2045.737926,103.4135338,-67.22725748,-5.091383234
2073,REMJ,2097.921208,105.2222222,-67.23017346,-5.09653559
2074,REMJ,602.9197372,99.16923077,-67.24068596,-5.111075593
2081,REMJ,755.8245154,101.1136364,-67.35257364,-5.218394129
2082,REMJ,1033.325595,101.6969697,-67.35504244,-5.218003029
2083,REMJ,1451.001277,102.9618321,-67.3606227,-5.21943449
2084,REMJ,2314.233018,101.5193798,-67.37929607,-5.222752215
2091,REMJ,1035.897347,105.4461538,-67.31746872,-5.151759926
2092,REMJ,730.9313452,106.0930233,-67.31991255,-5.15324763
2093,REMJ,260.8031892,107.7846154,-67.32581131,-5.153938467
2094,REMJ,915.7728231,108.5153846,-67.34342295,-5.157016469
2095,REMJ,732.4633451,100.265625,-67.36482899,-5.155905783
2101,REMJ,626.5481763,89.45736434,-67.17934853,-5.335202487
2102,REMJ,550.8398475,81.81954887,-67.17750217,-5.335867088
3011,REMJ,356.2604231,92.75968992,-66.980998,-4.755347036
3012,REMJ,633.4862335,94.52307692,-66.98346798,-4.754771031
3013,REMJ,1296.660725,96.51538462,-66.98937597,-4.753379971
3014,REMJ,411.0155273,97.50793651,-67.00677001,-4.748765985
3015,REMJ,1379.737012,98.15748032,-67.03123,-4.737394005
3021,REMJ,1885.790294,96.72440945,-66.94209198,-4.802850969
3022,REMJ,2150.228526,97.90769231,-66.94020102,-4.80113796
3023,REMJ,1770.970974,96.86923077,-66.93700399,-4.796578037
3024,REMJ,635.0057885,98.92248062,-66.92666098,-4.781778026
3025,REMJ,2248.67465,97.78461538,-66.90959902,-4.760219017
3031,REMJ,179.9225822,101.4846154,-66.968587,-4.83839904
3032,REMJ,274.4268791,99.93650794,-66.97096696,-4.839541996
3033,REMJ,835.1237754,99.7734375,-66.97762001,-4.839363964
3034,REMJ,2265.063486,97.9379845,-66.99545897,-4.843868986
3035,REMJ,1507.333355,93.96946565,-67.02147103,-4.848261019
3041,REMJ,0,101.5037037,-66.98470599,-4.924456039
3042,REMJ,253.9357491,102.1023622,-66.98684497,-4.92290698
3043,REMJ,640.5771909,103.2265625,-66.99091304,-4.919029009
3044,REMJ,1495.557036,99.28682171,-67.00650003,-4.908539979
3045,REMJ,3637.038628,99.35877863,-67.02772401,-4.891946996
3051,REMJ,769.4899315,93.78625954,-66.85410303,-4.784227973
3052,REMJ,566.7617885,93.76153846,-66.85360699,-4.781476026
3053,REMJ,134.9521774,83.672,-66.85316602,-4.775422029
3054,REMJ,157.9696276,87.00787402,-66.84787704,-4.757908965
3055,REMJ,1581.421242,90.633587790000007,-66.84216661,-4.731949959
3061,REMJ,276.9719117,102.1550388,-67.88104199,-6.012667967
3062,REMJ,477.0309664,102.2153846,-67.88297703,-6.010640971
3063,REMJ,1099.288281,106.6969697,-67.88779797,-6.018370008
3064,REMJ,1826.748948,107.9769231,-67.89895697,-6.033017971
3065,REMJ,1284.14412,108.9603175,-67.91092901,-6.051808018
3071,REMJ,1274.101969,98.8125,-67.75516299,-5.972411027
3072,REMJ,1580.979991,99.65625,-67.75235899,-5.972767007
3073,REMJ,2165.680444,94.712,-67.74678703,-5.972660976
3074,REMJ,2678.506272,123.5078125,-67.72846897,-5.97278201
3075,REMJ,105.9520456,145.8360656,-67.701552,-5.968199037
3081,REMJ,2605.219323,109.7769231,-67.86502199,-5.88993201
3082,REMJ,2298.337469,112.4186047,-67.86651598,-5.887496984
3083,REMJ,1601.069598,113.5714286,-67.870761,-5.882849973
3084,REMJ,189.4559861,110.0384615,-67.87761597,-5.866069989
3085,REMJ,2946.132012,109.1832061,-67.88770401,-5.84161696
3091,REMJ,2920.24454,97.30534351,-67.73392601,-5.75853101
3092,REMJ,3185.923918,100.8615385,-67.73131102,-5.759695005
3093,REMJ,2651.786391,95.1171875,-67.725109,-5.763162011
3094,REMJ,1581.12147,96.12781955,-67.71135204,-5.780598968
4011,REMJ,0,119.3643411,-67.87823204,-5.698590009
4012,REMJ,0,119.5826772,-67.87959401,-5.696010981
4013,REMJ,558.2260805,120.9922481,-67.88375697,-5.692214984
4014,REMJ,1796.56308,117.8449612,-67.89898496,-5.681933993
4015,REMJ,1525.327073,145.4461538,-67.92081404,-5.666059004
4022,REMJ,481.0530296,117.0076923,-67.78012798,-5.576896006
4023,REMJ,411.1247412,115.3384615,-67.78452999,-5.572305992
4024,REMJ,1843.245548,111.0923077,-67.80539297,-5.573095987
4031,REMJ,543.1086904,96.17777778,-67.5689,-5.652217967
4032,REMJ,628.423158,100.6846154,-67.56968304,-5.655062031
4033,REMJ,862.0134818,99.36641221,-67.56948003,-5.660705986
4034,REMJ,474.6213136,104.9407407,-67.55776397,-5.676089041
4035,REMJ,559.2065274,114.3333333,-67.54074502,-5.697690966
4041,REMJ,876.254697,98.43076923,-67.48120199,-5.551971998
4042,REMJ,996.6345034,98.6484375,-67.48111398,-5.554585978
4043,REMJ,891.503105,98.77777778,-67.47902898,-5.560449036
4044,REMJ,971.6030746,100.8536585,-67.46848698,-5.575158019
4045,REMJ,1289.144444,119.3153846,-67.46952902,-5.603906019
4051,REMJ,0,96.70229008,-67.60167701,-5.479938006
4053,REMJ,750.8780173,97.67692308,-67.60925098,-5.475842021
4054,REMJ,1224.409662,98.25581395,-67.62135001,-5.462604985
5011,REMJ,2.911082999,107.5322581,-67.93680654,-5.850697495
5012,REMJ,0,108.8153846,-67.93909329,-5.851765266
5013,REMJ,404.4115585,111.1692308,-67.94486976,-5.849779006
5014,REMJ,781.638436,108.4651163,-67.96303033,-5.85232459
5015,REMJ,263.4026191,139.8923077,-67.99003657,-5.856328038
5021,REMJ,402.4501508,99.65384615,-67.92644441,-5.79587155
5022,REMJ,658.5105281,107.9692308,-67.92892361,-5.795776583
5023,REMJ,1016.361947,109.1818182,-67.93520031,-5.795613052
5024,REMJ,76.54189052,120.1538462,-67.95308143,-5.793535598
5025,REMJ,1196.748937,142.5,-67.97403434,-5.78784789
5031,REMJ,167.1110171,102.8984375,-67.36111379,-5.58379448
5032,REMJ,151.3467513,107.075188,-67.36143121,-5.586355068
5033,REMJ,883.0278731,97.84732824,-67.36836724,-5.588972066
5034,REMJ,955.162478,100.3533835,-67.37909121,-5.597706763
5035,REMJ,1816.152996,115.4615385,-67.39087324,-5.604032166
5041,REMJ,0,97.14615385,-67.33678146,-5.55607494
5042,REMJ,0,105.4923077,-67.33420973,-5.555061903
5043,REMJ,21.79515722,107.3777778,-67.3283382,-5.555544114
5044,REMJ,879.5940835,104.7925926,-67.31027143,-5.556958811
5045,REMJ,1532.437558,119.7461538,-67.28341497,-5.548870023
5052,REMJ,28.95284866,104.5496183,-67.29671697,-5.13898205
5053,REMJ,220.1352296,106.2276423,-67.29874338,-5.133209098
5054,REMJ,922.6390183,107.4656489,-67.30466779,-5.12138458
5055,REMJ,924.4467656,106.8461538,-67.31481677,-5.105365003
5061,REMJ,426.1628208,105.481203,-67.21829169,-5.076714233
5062,REMJ,680.0901643,106.4461538,-67.22082957,-5.075920718
5063,REMJ,1202.069979,106.5669291,-67.22625299,-5.073422156
5064,REMJ,0,101.5,-67.24131494,-5.064074742
5065,REMJ,2053.944068,103.6538462,-67.26699072,-5.054231454
5072,REMJ,3191.374422,104.6692308,-67.15601306,-5.037137736
5073,REMJ,2719.457596,102.9083969,-67.15589203,-5.031327903
5074,REMJ,1558.426657,100.5307692,-67.16321228,-5.013907962
5075,REMJ,1176.895148,102.6461538,-67.17369528,-4.989202889
5081,REMJ,1204.831391,101.1769231,-67.06633701,-5.025947224
5082,REMJ,1165.73919,103.1181102,-67.0684179,-5.024588937
5083,REMJ,842.8408066,103.6141732,-67.07285763,-5.020409385
5084,REMJ,457.7946095,103.3358779,-67.08479715,-5.007419782
5085,REMJ,90.2845163,100.6307692,-67.09300697,-4.979909454
5091,REMJ,129.2546017,91.70992366,-66.8238851,-5.08437152
5092,REMJ,287.5696645,104.1417323,-66.82214049,-5.086545115
5093,REMJ,192.6698055,107.2461538,-66.81786044,-5.091029936
5094,REMJ,1102.05381,110.2481203,-66.7997655,-5.095558176
5095,REMJ,161.3178083,109.9846154,-66.77272313,-5.100117596
5101,REMJ,516.0893472,100.0300752,-66.97836827,-4.90138418
5102,REMJ,277.6190575,97.88549618,-66.98074479,-4.900890989
5103,REMJ,0,99.23076923,-66.98534234,-4.896480599
5104,REMJ,1643.396947,101.9318182,-66.99807571,-4.882730003
7011,Uatuma,411.7438232,67.90697674,-59.44250054,-1.999575254
7012,Uatuma,580.5460592,62.70229008,-59.44103831,-1.997723859
7013,Uatuma,764.433165,54.4887218,-59.43864386,-1.99554448
7014,Uatuma,337.1617288,66.08461538,-59.42215389,-1.982815219
7015,Uatuma,1006.019704,133.7906977,-59.40073452,-1.966426671
7021,Uatuma,0,40.921875,-59.3477774,-2.064586049
7022,Uatuma,0,54.2519084,-59.34714943,-2.062028563
7023,Uatuma,394.4442336,73.26153846,-59.34602366,-2.056101216
7025,Uatuma,760.0435808,126.3230769,-59.34475489,-2.027294459
7031,Uatuma,213.5356172,40.6259542,-59.2232701,-2.121117543
7032,Uatuma,466.0731762,50.14503817,-59.22439503,-2.11886147
7033,Uatuma,1034.052116,67.95384615,-59.22581778,-2.112895735
7034,Uatuma,1811.309318,89.96296296,-59.23026597,-2.100579869
7035,Uatuma,724.0648933,109.1230769,-59.23033236,-2.076791693
7041,Uatuma,1927.53101,42.43939394,-59.0752368,-2.290052036
7042,Uatuma,2019.6297,53.140625,-59.0745225,-2.292611869
7045,Uatuma,667.451864,111.1923077,-59.06800942,-2.33928524
7051,Uatuma,0,49.8,-58.85737195,-2.317826981
7052,Uatuma,203.8886656,58.39230769,-58.85526096,-2.318161419
7053,Uatuma,691.9132311,78.07874016,-58.85042586,-2.319625067
7054,Uatuma,1447.038587,83.89230769,-58.83659338,-2.328866534
7061,Uatuma,1575.774792,47.05426357,-58.67946479,-2.34546111
7062,Uatuma,1487.637284,60.27067669,-58.67887982,-2.348367702
7063,Uatuma,1324.998771,68.07936508,-58.67927159,-2.354299156
7064,Uatuma,1780.769407,100.0465116,-58.68191348,-2.372047417
7071,Uatuma,932.0217469,42.48837209,-58.71360571,-2.170451917
7072,Uatuma,1158.556109,41.7,-58.71189798,-2.168466747
7073,Uatuma,1754.02654,59.9453125,-58.70722071,-2.164303791
7074,Uatuma,3455.87903,81.86923077,-58.69469916,-2.152550016
7075,Uatuma,1411.596286,111.8120301,-58.66998478,-2.139445245
7081,Uatuma,3682.358492,22.5625,-58.28647382,-2.352937683
7082,Uatuma,3453.51745,35.66153846,-58.28713926,-2.350284057
7083,Uatuma,3003.27414,36.26771654,-58.28848463,-2.344652759
7084,Uatuma,1760.447,37.16153846,-58.29252731,-2.32700198
7085,Uatuma,1706.70511,40.76744186,-58.2997412,-2.300961083
7091,Uatuma,2259.57924,37.15384615,-58.37328829,-2.432116494
7093,Uatuma,1571.756142,50.56153846,-58.37359331,-2.440759828
7094,Uatuma,1344.503947,66.5859375,-58.37316507,-2.458695089
7095,Uatuma,1716.892062,104.6230769,-58.38204411,-2.484993394
7101,Uatuma,1068.733771,42.97037037,-58.29141688,-2.447245829
7102,Uatuma,839.7201066,56.27692308,-58.29383397,-2.447628966
7103,Uatuma,422.2663325,76.79230769,-58.29963768,-2.448395491
7104,Uatuma,1196.844742,92.29230769,-58.31327043,-2.449129075
7105,Uatuma,1871.739998,103.4461538,-58.33132613,-2.466910779
7111,Uatuma,2266.283403,52.49618321,-58.26615013,-2.504291888
7112,Uatuma,2281.0066,64.34586466,-58.26909402,-2.504097763
7113,Uatuma,2476.225156,77.63076923,-58.27480755,-2.503289999
7114,Uatuma,1440.540567,105.3461538,-58.28534142,-2.52329886
7115,Uatuma,980.028644,94.75384615,-58.29432271,-2.547755577
8011,Uatuma,2091.709567,38.91111111,-58.22280538,-2.031692276
8012,Uatuma,2001.105937,39.40909091,-58.2252239,-2.03245528
8013,Uatuma,1760.059306,44.4140625,-58.22989404,-2.036294444
8014,Uatuma,1954.812105,43.62121212,-58.24418066,-2.047453607
8015,Uatuma,1535.817082,81.97637795,-58.26376573,-2.065908378
8021,Uatuma,1940.76746,42.56153846,-58.20863536,-2.106236815
8022,Uatuma,1885.080042,50.9453125,-58.21094943,-2.107427381
8023,Uatuma,1834.776752,70.89147287,-58.21608293,-2.11038175
8024,Uatuma,2308.014145,111.7364341,-58.22377995,-2.122563422
8025,Uatuma,2428.050293,115.2384615,-58.24171688,-2.134023746
8031,Uatuma,3888.173149,46.0625,-58.07569846,-2.264743801
8032,Uatuma,4086.81341,67.3740458,-58.074211,-2.262197966
8033,Uatuma,4125.808221,69.16153846,-58.07152041,-2.257171255
8034,Uatuma,3260.49885,65.6969697,-58.0610691,-2.242447771
8035,Uatuma,1196.313327,71.49606299,-58.04658568,-2.219587471
8041,Uatuma,3769.653703,36.26717557,-58.14678839,-2.408008715
8042,Uatuma,3450.68399,41.02419355,-58.14485611,-2.410139646
8043,Uatuma,2842.377319,41.30769231,-58.1402319,-2.413538927
8044,Uatuma,1441.457515,39.49230769,-58.12984237,-2.422004063
8045,Uatuma,0,30.66153846,-58.11799681,-2.431813404
8051,Uatuma,0,43.70992366,-58.21602585,-2.601089207
8052,Uatuma,7.942768797,62.87022901,-58.2189482,-2.60160964
8053,Uatuma,381.9055947,78.79069767,-58.22370627,-2.60497665
8054,Uatuma,704.3551702,70.44186047,-58.23403898,-2.613887535
8055,Uatuma,105.726206,73.93846154,-58.247634,-2.626047498
8061,Uatuma,4922.37077,45.73684211,-58.11863635,-2.61250075
8062,Uatuma,4881.26258,75.40601504,-58.12108386,-2.613652255
8063,Uatuma,4358.715226,62.91472868,-58.1234375,-2.619685968
8064,Uatuma,3211.120059,70.25954198,-58.12938555,-2.636666531
8071,Uatuma,3988.115649,54.33846154,-58.02523806,-2.663972005
8072,Uatuma,3640.440453,67.43548387,-58.02792119,-2.662366368
8073,Uatuma,3147.416605,65.98473282,-58.03364553,-2.663487867
8074,Uatuma,2051.129309,76.84251969,-58.05181682,-2.665909482
8075,Uatuma,1825.65223,84.39694656,-58.0784126,-2.668411983
8081,Uatuma,362.6106346,55.8671875,-57.96846827,-2.321683662
8082,Uatuma,639.3202595,63.41221374,-57.96880388,-2.318889974
8083,Uatuma,798.7490953,70.16153846,-57.9647524,-2.31341986
8084,Uatuma,1912.541466,71.07692308,-57.95913678,-2.296440974
8085,Uatuma,1535.204932,96.19379845,-57.95882103,-2.268718919
8092,Uatuma,2525.134664,66.41085271,-57.96110325,-2.42984877
8093,Uatuma,2739.970331,66.86923077,-57.95657686,-2.426176658
8094,Uatuma,2541.051066,65.40310078,-57.94431925,-2.413273556
8101,Uatuma,1047.915755,51.20769231,-58.02049214,-2.461350979
8102,Uatuma,875.31689,58.65648855,-58.02172763,-2.459091218
8103,Uatuma,815.9233805,65.2,-58.02244688,-2.452884
8104,Uatuma,922.119851,65.78625954,-58.02553612,-2.435050998
CF01,PNCA,48.47200625,62.98762376,-61.752937,-8.449128
CF01a,PNJU,2125.928459,194.0859375,-58.60816353,-9.02758816
CF02,PNCA,0,62.81127451,-61.7304,-8.472554
CF02a,PNJU,1684.948375,203.4586466,-58.61687336,-9.02548923
CF03,PNCA,0,57.92601726,-61.717482,-8.383926
CF03a,PNJU,1477.512671,220.7615385,-58.62548846,-9.02259859
CF04,PNCA,1251.789676,62.75278121,-61.431497,-8.630059
CF04a,PNJU,730.9078858,219.3923077,-58.63358494,-9.01897073
CF05,PNCA,0,49.1689441,-61.649608,-8.446351
CF05a,PNJU,300.0778446,224.4692308,-58.64171701,-9.01599483
CF06,PNCA,612.8072973,62.08852868,-61.618823,-8.495786
CF06a,PNJU,0.849059179,215.3,-58.65052081,-9.0140926
CF07,PNCA,0,61.29048208,-61.32723,-8.62591
CF07a,PNJU,27.84911336,189.9772727,-58.5886556,-8.98466368
CF08,PNCA,1013.177109,55.52825553,-61.531384,-8.45226
CF08a,PNJU,180.5525566,200.5923077,-58.59744677,-8.98319333
CF09,PNCA,1862.866897,61.28466258,-61.621393,-8.523465
CF09a,PNJU,488.3269147,199.6615385,-58.60525019,-8.97882288
CF10,PNCA,460.6608373,62.41133005,-61.543233,-8.509084
CF106R,PNM,4581.192353,74.54735547,-63.758162,-7.736896
CF107R,PNM,3895.482364,73.25492611,-63.758404,-7.705032
CF108R,PNM,3172.838615,73.1421508,-63.816641,-7.753884
CF10a,PNJU,261.4676719,205.952381,-58.6134348,-8.97486366
CF11,PNCA,90.68103752,62.17530864,-61.50171,-8.480949
CF110R,PNM,466.2515134,74.08395062,-63.853862,-7.790892
CF111R,PNM,3640.129332,79.97280593,-63.840381,-7.832818
CF112R,PNM,5500.281005,94.80736196,-63.826224,-7.862382
CF11a,PNJU,393.1377817,213.7286822,-58.62176842,-8.9713908
CF12,PNCA,227.9872291,62.48514851,-61.4549,-8.459562
CF127R,PNM,1599.031504,87.80858896,-64.359827,-8.655139
CF129R,PNM,1665.284425,97.47772277,-64.439185,-8.633663
CF12a,PNJU,178.372118,222.8625954,-58.63029464,-8.96838753
CF13,PNCA,1360.336889,48.0993865,-61.441338,-8.480578
CF13a,PNJU,551.0315079,200.0687023,-58.54388288,-8.95174419
CF14,PNCA,1454.357608,60.1990172,-61.465955,-8.569925
CF14a,PNJU,705.9051924,206.5801527,-58.5408084,-8.96023015
CF15,PNCA,1458.012141,62.18226601,-61.431694,-8.576133
CF155R,PNM,4228.635107,94.83906634,-64.579043,-8.94195
CF15a,PNJU,768.1916189,208.4015152,-58.53977562,-8.96921223
CF16,PNCA,730.8063156,62.18509317,-61.412726,-8.507694
CF16a,PNJU,803.2046489,202.1162791,-58.53915844,-8.97817576
CF17,PNCA,437.9644923,60.94409938,-61.394722,-8.541134
CF17a,PNJU,532.4703708,215.4806202,-58.53869281,-8.98712049
CF18,PNCA,2060.528763,56.85696517,-61.338648,-8.491562
CF18a,PNJU,534.8664917,230.8307692,-58.53793202,-8.99605668
CF19,PNCA,109.9307544,58.43703704,-61.343588,-8.608814
CF20,PNCA,997.4987653,57.43488943,-61.252345,-8.63305
CFN1,PNM,1171.384907,74.7595092,-64.32455,-8.64249
CFN2,PNM,2516.912185,104.6983931,-64.39182,-8.81257
CL100R,PNM,1675.453485,100.2135802,-63.783597,-7.660067
CL101R,PNM,1982.656977,91.02955665,-63.795702,-7.701421
CL102R,PNM,3195.816666,69.69913687,-63.786447,-7.747977
CL103R,PNM,4107.024863,73.40869565,-63.889552,-7.769893
CL104R,PNM,3840.595265,79.841133,-63.878642,-7.853672
CL105R,PNM,5173.799858,71.13933416,-63.871158,-7.892248
CL116R,PNM,4680.186145,104.7109471,-63.829081,-7.902633
CL121R,PNM,1238.546567,103.4839506,-64.446751,-8.670244
CL130R,PNM,352.0318884,104.2661692,-64.406131,-8.660166
CL154R,PNM,3138.057589,94.17857143,-64.606606,-8.943729
CL157R,PNM,6565.952604,104.6769042,-64.553315,-8.94266
CL159R,PNM,1151.205503,108.5744157,-63.864189,-7.929833
CL21,PNCA,1041.46827,64.13022113,-61.709787,-8.364198
CL22,PNCA,967.1914857,56.54938272,-61.719485,-8.422507
CL23,PNCA,287.6823578,63.23710074,-61.711032,-8.488697
CL24,PNCA,615.3581178,61.7750309,-61.464248,-8.508554
CL25,PNCA,394.82878,58.01118012,-61.58,-8.478588
CL26,PNCA,799.9558394,59.70347395,-61.6529,-8.458762
CL27,PNCA,1407.784354,62.94547708,-61.676841,-8.447178
CL28,PNCA,548.3267183,53.82779828,-61.575352,-8.4632
CL29,PNCA,724.5933844,60.99009901,-61.580037,-8.515975
CL30,PNCA,897.2881045,63.40667491,-61.54338,-8.479147
CL31,PNCA,1811.191634,63.71569839,-61.495461,-8.519905
CL32,PNCA,2575.276508,63.88357843,-61.509104,-8.561249
CL33,PNCA,685.8793176,62.69543773,-61.43689,-8.536459
CL34,PNCA,1262.653351,63.89189189,-61.399727,-8.485863
CL35,PNCA,2026.803829,55.3053152,-61.345417,-8.453314
CL36,PNCA,1626.427074,54.2998776,-61.362946,-8.524016
CL37,PNCA,688.3508076,55.45330012,-61.403516,-8.606092
CL38,PNCA,554.4524371,64.04968944,-61.307726,-8.631136
CL39,PNCA,2590.375533,63.18057285,-61.268544,-8.648481
CL40,PNCA,502.141446,63.11881188,-61.226917,-8.623015
CS153R,PNM,2038.587151,107.2071517,-64.603827,-8.971912
CS156R,PNM,3765.336679,107.2592593,-64.57595,-8.97435
CSN1,PNM,1611.853675,108.0404412,-64.34349,-8.65601
CT-MA-1-01,PBDFF,2082.790778,112.9083024,-59.81232,-2.42389
CT-MA-1-02,PBDFF,723.9734797,102.7930607,-59.80204,-2.38655
CT-MA-1-03,PBDFF,87.5458499,93.68504902,-59.77767,-2.39283
CT-MA-1-04,PBDFF,0,125.4870849,-59.7879,-2.43054
CT-MA-1-05,PBDFF,0,112.4845488,-59.77567,-2.43278
CT-MA-1-06,PBDFF,0,95.73897059,-59.77175,-2.42048
CT-MA-1-07,PBDFF,1279.076306,115.1381011,-59.79618,-2.41417
CT-MA-1-08,PBDFF,38.65968258,110.1159063,-59.78383,-2.41754
CT-MA-1-09,PBDFF,980.1561618,118.2453761,-59.79975,-2.4266200000000002
CT-MA-1-10,PBDFF,886.7667244,96.2244143,-59.79304,-2.40169
CT-MA-1-11,PBDFF,0,90.8314746,-59.78084,-2.40549
CT-MA-1-12,PBDFF,223.8462716,115.6728395,-59.76889,-2.4089
CT-MA-1-13,PBDFF,0,79.79553903,-59.78995,-2.38965
CT-MA-1-14,PBDFF,1808.187982,106.3776138,-59.808839999999996,-2.41123
CT-MA-1-15,PBDFF,1078.179772,114.0222497,-59.80526,-2.39877
CT-MA-1-16,PBDFF,0,112.2607626,-59.90832,-2.42404
CT-MA-1-17,PBDFF,0,109.6506173,-59.89985,-2.41501
CT-MA-1-18,PBDFF,190.6631142,124.2260442,-59.9263,-2.42409
CT-MA-1-19,PBDFF,199.8718734,132.4133663,-59.91719,-2.4152
CT-MA-1-20,PBDFF,677.1791299,130.8722359,-59.90857,-2.4061
CT-MA-1-21,PBDFF,947.9574659,146.5539216,-59.8997,-2.39724
CT-MA-1-22,PBDFF,0,114.3312732,-59.93499,-2.41538
CT-MA-1-23,PBDFF,556.5941316,148.4944376,-59.92634,-2.40618
CT-MA-1-24,PBDFF,1361.662438,147.7849197,-59.91736,-2.39746
CT-MA-1-25,PBDFF,980.7387059,145.7648515,-59.9066,-2.38681
CT-MA-1-26,PBDFF,587.1060839,134.9717445,-59.90073,-2.37862
CT-MA-1-27,PBDFF,0,122.3247232,-59.93517,-2.39728
CT-MA-1-28,PBDFF,13.61595953,126.2334152,-59.92661,-2.3882
CT-MA-1-29,PBDFF,0,133.9901235,-59.91746,-2.37933
CT-MA-1-30,PBDFF,0,115.9777778,-59.93516,-2.37931
CT-MA-2-01,ZF2,30.56013174,80.11495674,-60.08619,-2.62714
CT-MA-2-02,ZF2,0,99.95812808,-60.07742,-2.61818
CT-MA-2-03,ZF2,2340.123996,97.13759214,-60.13095,-2.61846
CT-MA-2-04,ZF2,1431.65498,106.6662562,-60.09515,-2.61813
CT-MA-2-05,ZF2,1344.929792,83.03685504,-60.0862,-2.60916
CT-MA-2-06,ZF2,838.09125,123.8669951,-60.07724,-2.60033
CT-MA-2-07,ZF2,3125.350466,107.8966376,-60.11292,-2.61822
CT-MA-2-08,ZF2,2824.045379,77.85362854,-60.10401,-2.60922
CT-MA-2-09,ZF2,2725.918704,117.5461255,-60.09515,-2.60036
CT-MA-2-10,ZF2,1757.934709,116.7008653,-60.08642,-2.59114
CT-MA-2-11,ZF2,549.5205185,127.1889571,-60.07747,-2.58225
CT-MA-2-12,ZF2,1768.068407,101.3509202,-60.12168,-2.60954
CT-MA-2-13,ZF2,2795.149233,85.73554736,-60.10414,-2.59131
CT-MA-2-14,ZF2,2055.056357,116.5432099,-60.09507,-2.5825
CT-MA-2-15,ZF2,2521.551932,106.1308642,-60.10382,-2.57293
CT-MA-2-16,ZF2,39.29468104,82.16892725,-60.23833,-2.59952
CT-MA-2-17,ZF2,1016.578888,96.98638614,-60.19417,-2.64405
CT-MA-2-18,ZF2,0,80.27901235,-60.22064,-2.59952
CT-MA-2-19,ZF2,2112.077663,92.06019656,-60.21194,-2.64404
CT-MA-2-20,ZF2,2257.314037,68.14851485,-60.20311,-2.63505
CT-MA-2-21,ZF2,2140.041459,92.33333333,-60.19433,-2.62618
CT-MA-2-22,ZF2,2092.786442,78.82142857,-60.18522,-2.63547
CT-MA-2-23,ZF2,3719.73326,73.22386224,-60.2298,-2.64409
CT-MA-2-24,ZF2,2872.15227,59.2850062,-60.22086,-2.63512
CT-MA-2-25,ZF2,2193.475529,93.88833747,-60.21204,-2.62623
CT-MA-2-26,ZF2,1114.958283,106.6527094,-60.20322,-2.6173
CT-MA-2-27,ZF2,906.6142211,89.45812808,-60.23867,-2.61735
CT-MA-2-28,ZF2,1912.765037,71.33538084,-60.22972,-2.62626
CT-MA-2-29,ZF2,929.9200826,93.23143564,-60.22096,-2.61732
CT-MA-2-30,ZF2,0,69.63647491,-60.22987,-2.60838
CT-MAS-3-01,DUCKE,2657.591485,96.84099379,-59.96955,-2.92777
CT-MAS-3-02,DUCKE,1151.039325,117.9678616,-59.95146,-2.92527
CT-MAS-3-03,DUCKE,0,97.59852217,-59.93381,-2.92299
CT-MAS-3-04,DUCKE,1140.643556,99.11990111,-59.95889,-2.93644
CT-MAS-3-05,DUCKE,0,87.62762022,-59.94175,-2.93369
CT-MAS-3-06,DUCKE,531.7631397,84.47730061,-59.96324,-2.94712
CT-MAS-3-07,DUCKE,0,74.68232386,-59.94601,-2.94364
CT-MAS-3-08,DUCKE,847.7113355,101.8498759,-59.92831,-2.93985
CT-MAS-3-09,DUCKE,300.5101361,85.81773399,-59.9096,-2.93774
CT-MAS-3-10,DUCKE,0,80.11742892,-59.95246,-2.95231
CT-MAS-3-11,DUCKE,816.8149105,115.3201483,-59.93436,-2.94894
CT-MAS-3-12,DUCKE,490.9443166,106.5006196,-59.91659,-2.94781
CT-MAS-3-13,DUCKE,312.4018522,80.73703704,-59.95863,-2.96321
CT-MAS-3-14,DUCKE,1038.567805,92.81683168,-59.94164,-2.96125
CT-MAS-3-15,DUCKE,177.3703377,98.83847102,-59.92395,-2.95771
CT-MAS-3-16,DUCKE,0,93.78888889,-59.90645,-2.95482
CT-MAS-3-17,DUCKE,1406.099923,79.73185732,-59.9484,-2.97117
CT-MAS-3-18,DUCKE,0,111.1127633,-59.93103,-2.96756
CT-MAS-3-19,DUCKE,160.6370445,99.35315985,-59.91375,-2.9656
CT-MAS-3-20,DUCKE,0,83.57055215,-59.89573,-2.96248
CT-MAS-3-21,DUCKE,2311.061398,76.70797546,-59.95695,-2.98178
CT-MAS-3-22,DUCKE,739.7064609,100.4404908,-59.93888,-2.97854
CT-MAS-3-23,DUCKE,688.5728757,101.5153752,-59.92077,-2.97608
CT-MAS-3-24,DUCKE,430.7843029,105.0331695,-59.90355,-2.97289
CT-MAS-3-25,DUCKE,1335.371361,80.68796069,-59.92854,-2.9867
CT-MAS-3-26,DUCKE,1553.334762,94.58395062,-59.91066,-2.98397
CT-MAS-3-27,DUCKE,1770.465452,92.63411619,-59.89342,-2.98046
CT-MAS-3-28,DUCKE,1516.464191,94.17076326,-59.93548,-2.9965
CT-MAS-3-29,DUCKE,888.9409622,106.5522755,-59.91862,-2.99378
CT-MAS-3-30,DUCKE,941.6054344,82.12871287,-59.9004,-2.99138
CT-POC-1-01,SBR,1558.951668,241.3395291,-56.63144,-9.101616
CT-POC-1-02,SBR,1734.445274,222.6069652,-56.61864,-9.089725
CT-POC-1-04,SBR,1041.819359,222.2946979,-56.60645,-9.088802
CT-POC-1-05,SBR,529.7432527,220.4660074,-56.61977,-9.076646
CT-POC-1-06,SBR,1430.084675,229.9651308,-56.60748,-9.076644
CT-POC-1-07,SBR,1039.460261,201.5578818,-56.59418,-9.062968
CT-POC-1-08,SBR,970.5478801,224.9777228,-56.60631,-9.064327
CT-POC-1-10,SBR,0,180.1488315,-56.58188,-9.051162
CT-POC-1-11,SBR,158.4560737,183.2938272,-56.58065,-9.06343
CT-POC-1-12,SBR,162.600026,178.9777503,-56.56882,-9.063473
CT-POC-1-13,SBR,51.74037369,210.7579853,-56.56841,-9.051416
CT-POC-1-14,SBR,638.0182393,186.2453761,-56.55598,-9.062535
CT-POC-1-15,SBR,0,188.2220859,-56.55573,-9.05111
CT-POC-1-16,SBR,537.4728487,211.3193588,-56.58089,-9.038427
CT-POC-1-18,SBR,0,178.5691158,-56.59391,-9.037765
CT-POC-1-19,SBR,49.91713509,172.3765432,-56.6194,-9.037489
CT-POC-1-20,SBR,0,189.3492647,-56.61962,-9.051377
CT-POC-1-21,SBR,0,172.7787392,-56.63131,-9.039589
CT-POC-1-22,SBR,0,181.6098765,-56.530326,-9.063352
CT-POC-1-23,SBR,176.6285822,195.0209877,-56.53129,-9.050933
CT-POC-1-26,SBR,1130.397605,219.9677419,-56.51809,-9.075579
CT-POC-1-27,SBR,0,182.0674847,-56.53072,-9.076106
CT-POC-1-29,SBR,436.2361986,194.8039216,-56.59379,-9.051375
CT-TDM-1-06,TMES,176.1729915,163.578492,-53.594337,-4.634301
CT-TDM-1-07,TMES,1505.330084,170.963145,-53.581913,-4.634436
CT-TDM-1-08,TMES,2930.859191,171.5581683,-53.569058,-4.634503
CT-TDM-1-09,TMES,3844.157813,174.3012346,-53.556994,-4.63447
CT-TDM-1-11,TMES,389.0229579,164.5906863,-53.606934,-4.646967
CT-TDM-1-12,TMES,1673.947359,181.3386897,-53.61841,-4.647581
CT-TDM-1-120,TMES,0,161.8140394,-53.581011,-4.734417
CT-TDM-1-121,TMES,0,178.7190184,-53.611263,-4.670456
CT-TDM-1-13,TMES,2854.10154,183.9765142,-53.631381,-4.647902
CT-TDM-1-14,TMES,4098.562902,190.6398515,-53.643587,-4.647296
CT-TDM-1-16,TMES,0,166.5796569,-53.59380112,-4.646916641
CT-TDM-1-17,TMES,1238.071987,177.2209877,-53.58197241,-4.647184946
CT-TDM-1-18,TMES,2000.791127,182.396064,-53.5685995,-4.646442309
CT-TDM-1-19,TMES,2668.714153,179.8965517,-53.556886,-4.6469
CT-TDM-1-21,TMES,0,171.0580964,-53.60587173,-4.659701725
CT-TDM-1-22,TMES,997.6222628,186.1595092,-53.61897784,-4.659856372
CT-TDM-1-23,TMES,2298.64265,171.8419753,-53.631561,-4.65956
CT-TDM-1-24,TMES,3542.381408,180.539604,-53.643237,-4.659287
CT-TDM-1-26,TMES,0,160.7784653,-53.59346702,-4.660573108
CT-TDM-1-27,TMES,55.67416848,169.9692118,-53.58190586,-4.659458399
CT-TDM-1-28,TMES,749.8741899,172.2466091,-53.569345,-4.659462
CT-TDM-1-29,TMES,1438.769999,175.8863081,-53.556483,-4.659582
CT-TDM-1-31,TMES,1079.137107,166.3638614,-53.622411,-4.672783
CT-TDM-1-32,TMES,2195.442322,171.7215347,-53.632444,-4.672892
CT-TDM-1-33,TMES,3464.811536,176.4851852,-53.643882,-4.672491
CT-TDM-1-36,TMES,690.6811112,168.6413709,-53.59459522,-4.672691077
CT-TDM-1-37,TMES,222.416897,164.8148148,-53.581883,-4.672273
CT-TDM-1-41,TMES,0,166.6567901,-53.591959,-4.684287
CT-TDM-1-42,TMES,575.4152364,172.3679012,-53.580797,-4.685691
CT-TDM-1-43,TMES,513.1503185,171.8118812,-53.568135,-4.684735
CT-TDM-1-44,TMES,0,165.407911,-53.556526,-4.684583
CT-TDM-1-46,TMES,625.6935763,173.615099,-53.568526,-4.698073
CT-TDM-1-47,TMES,771.9106071,173.7745098,-53.556089,-4.697537
CT-TDM-1-48,TMES,193.746965,171.9678218,-53.543777,-4.69766
CT-TDM-1-51,TMES,546.1981398,166.1001236,-53.568581,-4.709954
CT-TDM-1-52,TMES,1220.023652,181.3173432,-53.556329,-4.709992
CT-TDM-1-53,TMES,1313.864559,183.4487021,-53.543602,-4.710094
CT-TDM-1-54,TMES,524.5614693,175.4742015,-53.531097,-4.709758
CT-TDM-1-61,TMES,691.751168,188.6034483,-53.55617249,-4.722277243
CT-TDM-1-62,TMES,2170.6025,177.4802956,-53.54295692,-4.722239021
CT-TDM-1-63,TMES,1879.530648,182.1412776,-53.53050962,-4.722769177
CT-TDM-1-64,TMES,1550.148283,195.4419753,-53.51873397,-4.722544039
CT-TDM-1-66,TMES,623.3335449,168.100861,-53.568433,-4.735447
CT-TDM-1-67,TMES,1288.354504,173.2781211,-53.55566908,-4.735489804
CT-TDM-1-68,TMES,1885.089597,178.9306931,-53.54380391,-4.735565912
CT-TDM-1-72,TMES,1087.959189,185.5693069,-53.593499,-4.748237
CT-TDM-1-73,TMES,1286.453548,185.4869888,-53.606095,-4.748357
CT-TDM-1-74,TMES,585.2461978,176.2475369,-53.61888,-4.748456
CT-TDM-1-75,TMES,0,181.1233046,-53.631299,-4.749131
CT-TDM-1-76,TMES,0,171.1197531,-53.555552,-4.748074
CT-TDM-1-77,TMES,947.6809351,177.7546012,-53.543641,-4.74756
CT-TDM-1-78,TMES,2162.455871,174.9059406,-53.531312,-4.747948
CT-TDM-1-79,TMES,3495.033509,182.9555006,-53.518174,-4.748157
CT-TDM-1-81,TMES,0,169.8423645,-53.555707,-4.760732
CT-TDM-1-82,TMES,666.9962892,182.254321,-53.569232,-4.760006
CT-TDM-1-83,TMES,1184.12521,178.0514076,-53.580748,-4.760266
CT-TDM-1-84,TMES,1774.685002,179.546798,-53.592359,-4.759841
CT-TDM-1-86,TMES,470.980843,163.8041872,-53.54268509,-4.760568794
CT-TDM-1-87,TMES,1774.360793,169.2628993,-53.53083744,-4.76058824
CT-TDM-1-88,TMES,3174.15311,172.8093481,-53.51826106,-4.760449016
CT-TDM-1-89,TMES,4625.822093,189.7008653,-53.50524363,-4.760757135
DEER 1,PNM,3199.893545,114.968059,-63.785668,-7.622816
DEER 2,PNM,2394.633796,138.4526445,-63.777094,-7.71717
DEER 3,PNM,3072.362116,121.8745387,-63.755499,-7.555194
DEER 4,PNM,3117.469144,155.6765432,-63.762187,-7.572921
ESTRADA1,PNCA,3111.341249,62.77233782,-61.09339,-8.098904
ESTRADA2,PNCA,1787.487698,63.43788438,-61.07493,-8.09762
ESTRADA3,PNCA,2172.099789,64.50742574,-61.107295,-8.100257
ESTRADA4,PNCA,1359.163006,61.65228113,-61.111342,-8.080359
ESTRADA5,PNCA,2214.906353,61.07434944,-61.100818,-8.123161
ex1,RDSA,2132.398206,84.57549505,-64.63371,-2.46682
ex10,RDSA,207.7965422,106.8986403,-64.59741,-2.47602
ex11,RDSA,3765.372549,119.1790123,-64.59693,-2.52329
EX1106D1,PNM,3746.143168,135.2848411,-64.582043,-8.68775
EX1106D2,PNM,1286.819455,151.3518519,-64.562426,-8.709995
EX1106D3,PNM,1847.628329,179.3872549,-64.540506,-8.734861
EX1106D4,PNM,2671.728745,182.461063,-64.516338,-8.762681
ex12,RDSA,432.6748011,120.6946848,-64.61614,-2.44707
EX1206D1,PNM,3199.73968,92.13569682,-64.462716,-8.824788
EX1206D2,PNM,937.8376013,91.72570726,-64.48216,-8.85535
ex13,RDSA,2552.059341,137.7123457,-64.5852,-2.4422
EX1306D1,PNM,1025.554982,91.51105651,-64.64837,-8.945974
ex14,RDSA,808.3856962,145.6200495,-64.5695,-2.45762
EX1506D1,PNM,1560.716003,109.0892193,-64.71771,-8.95018
EX1506D2,PNM,1149.411225,87.98029557,-64.682777,-8.9468
EX1606D1,PNM,1247.156879,102.7780518,-64.797146,-8.943296
EX1606D2,PNM,3930.040614,103.4938272,-64.77473,-8.952865
EX1606D3,PNM,2586.112403,107.1308642,-64.745536,-8.958175
EX1806D1,PNM,2603.352653,110.299511,-65.080319,-9.392238
EX1806D2,PNM,5232.977457,103.6279357,-65.013312,-9.383469
EX1806D3,PNM,6023.765865,105.1428571,-65.175649,-9.472084
EX1806D4,PNM,6694.033846,63.03589109,-65.07572,-9.568341
EX1806D5,PNM,7745.901603,62.43478261,-65.042535,-9.526611
ex2,RDSA,2340.791228,109.1709717,-64.65104,-2.44058
ex3,RDSA,723.619581,120.173482,-64.65413,-2.46171
ex4,RDSA,1337.786266,95.72986369,-64.68665,-2.44193
ex5,RDSA,3433.0841,84.26017263,-64.62457,-2.53518
ex6,RDSA,1530.144295,79.56736712,-64.62861,-2.50436
ex7,RDSA,1808.532997,87.57462687,-64.64535,-2.51202
ex8,RDSA,1106.567106,96.98529412,-64.57435,-2.5061
ex9,RDSA,1082.22131,93.95191122,-64.59876,-2.45737
F113R,PNM,1076.6775,51.18249075,-64.083194,-7.972515
F114R,PNM,633.1306123,84.96291718,-64.056992,-7.962011
F115R,PNM,3877.406926,83.74229346,-64.0487,-8.030316
F128R,PNM,5093.062559,80.6601227,-64.480763,-8.794851
F200R,PNM,609.7146,90.85171569,-63.838995,-7.7765
F41,PNCA,3238.102997,58.05644172,-61.003948,-7.938418
F41B,PNCA,531.1009379,61.65598027,-60.910273,-8.529829
F42,PNCA,1521.131981,54.39114391,-61.063302,-8.150512
F42B,PNCA,1627.898879,62.20642769,-60.890788,-8.527658
F43,PNCA,421.2618049,61.35148515,-60.939779,-8.025006
F43B,PNCA,2405.56238,65.27590512,-60.931571,-8.551676
F44,PNCA,1075.668648,62.86346863,-60.941189,-8.002348
F44B,PNCA,921.5646844,63.62068966,-60.88844,-8.59572
F45,PNCA,390.4868043,63.64452645,-60.914247,-8.024928
F45B,PNCA,96.86288434,59.52141983,-60.932084,-8.454761
F46,PNCA,1106.708017,63.04289216,-60.937634,-8.046665
F46B,PNCA,498.0644355,55.88257108,-60.913203,-8.454326
F47,PNCA,92.98145744,59.40617284,-61.029228,-8.360431
F47B,PNCA,646.3043096,56.71867322,-60.974484,-8.594816
F48,PNCA,1329.781865,63.35635019,-61.047317,-8.358777
F48B,PNCA,2434.776642,59.38413879,-60.95006,-8.59245
F49,PNCA,710.5165313,111.2738538,-61.055036,-8.206707
F49B,PNCA,443.1880812,102.0800493,-60.984001,-8.469712
F50,PNCA,1014.792271,100.6658477,-60.9732,-8.211141
F50B,PNCA,780.2596502,112.3296296,-60.988984,-8.385701
F51,PNCA,2476.457669,106.3839506,-60.992595,-8.22496
F51B,PNCA,3088.769122,99.30306748,-60.96719,-8.389841
F52,PNCA,394.3026947,105.0110294,-60.931151,-8.247584
F52B,PNCA,1804.549509,111.2692778,-60.947677,-8.388939
F53,PNCA,328.6208553,113.9914005,-60.895189,-8.247884
F53B,PNCA,2513.560143,103.2779828,-60.9832,-8.323348
F54,PNCA,69.78696469,98.57019704,-61.001776,-8.358532
F54B,PNCA,0,97.8566131,-61.039343,-8.219677
F55,PNCA,0,98.26650062,-60.972304,-8.285659
F56,PNCA,1455.286052,105.8552147,-60.898395,-8.027699
F56B,PNCA,3771.846049,89.59332509,-60.940193,-8.416379
F57,PNCA,215.0274849,94.42255266,-60.961971,-8.007327
F57B,PNCA,3132.13208,101.1506173,-60.915732,-8.408115
F58,PNCA,521.1572873,91.04202719,-60.940836,-7.978381
F58B,PNCA,1101.039191,97.15147783,-60.90675,-8.55123
F59,PNCA,1234.482328,108.8014797,-60.988566,-7.998966
F59B,PNCA,534.4858524,105.7770936,-60.970058,-8.269526
F60,PNCA,984.4099332,103.9526775,-61.014475,-7.986708
FN1,PNM,1266.265112,103.8506173,-64.30833,-8.61826
Fn11,PNM,0,106.6740196,-64.63586,-8.97412
FN2,PNM,1760.085199,92.97177914,-64.40244,-8.7874
FN3,PNM,2859.344097,102.3197026,-64.37585,-8.79265
FN4,PNM,2128.793717,72.23362176,-64.4155,-8.82525
FN5,PNM,1351.146101,76.07371007,-64.4351,-8.84448
MANEJO1,PNCA,2978.237569,104.6222222,-61.101581,-8.064946
MANEJO2,PNCA,1963.854391,101.5647349,-61.107425,-8.073505
MANEJO3,PNCA,2686.914961,109.0184049,-61.08617,-8.070134
REMJ1,REMJ,1760.08661,82.73152709,-67.74927,-6.05742
REMJ10,REMJ,0,121.4405941,-67.90218,-5.75797
REMJ11,REMJ,2352.73671,98.43226601,-67.72262,-5.75593
REMJ12,REMJ,5.522222174,113.8261406,-67.68793,-5.52134
REMJ13,REMJ,703.8490472,127.1273177,-67.56887,-5.65502
REMJ14,REMJ,1294.129524,130.3490099,-67.50483,-5.5779
REMJ15,REMJ,11.98284135,136.2198758,-67.58476,-5.45188
REMJ16,REMJ,2547.927605,120.3497537,-67.52466,-5.40818
REMJ17,REMJ,305.8748798,121.8617684,-67.40852,-5.49932
REMJ18A,REMJ,2021.352362,117.5086207,-67.42693,-5.33145
REMJ19,REMJ,1368.192886,125.2256473,-67.2075,-5.3949
REMJ2,REMJ,136.2336102,86.03473945,-67.902,-6.06186
REMJ20,REMJ,1115.946832,126.9681373,-67.18385,-5.3815
REMJ21,REMJ,789.4409992,85.91594561,-67.3183,-5.15401
REMJ22,REMJ,1731.335116,85.09888752,-67.22834,-5.08418
REMJ23,REMJ,1338.405544,91.94081381,-67.13978,-5.03323
REMJ24,REMJ,3141.147865,126.9507389,-67.16047,-5.03367
REMJ25,REMJ,4057.361123,120.256538,-67.87836,-5.79845
REMJ3,REMJ,57.29839459,80.64108911,-67.87874,-6.01586
REMJ4,REMJ,1794.111108,132.8195303,-67.86981,-5.88437
REMJ5,REMJ,1970.061434,94.00123305,-67.86186,-5.86105
REMJ6,REMJ,4415.85808,104.3628536,-67.86703,-5.78386
REMJ7,REMJ,640.6489592,128.9765721,-67.67822,-5.73404
REMJ8,REMJ,0,98.69221261,-67.8599,-5.68444
REMJ9,REMJ,458.8489893,106.7144608,-67.77957,-5.57775
C0002,BRA319,1359.780948,47.34814815,-61.0513,-4.44097
C0003,BRA319,1673.953533,47.78465347,-61.05489,-4.44397
C0004,BRA319,1818.638261,47.3101737,-61.0583,-4.44723
C0005,BRA319,1476.214709,47.04428044,-61.0612,-4.44999
C0006,BRA319,1124.603491,46.1908867,-61.06482,-4.45328
C0007,BRA319,924.4689677,44.7144623,-61.06797,-4.45622
C0008,BRA319,843.819006,45.82076638,-61.07159,-4.4593
C0009,BRA319,930.7009937,47.01476015,-61.07466,-4.46187
C0010,BRA319,1189.771834,47.79801735,-61.07821,-4.46494
 C0011,BRA319,1705.379449,44.75,-61.06875,-4.42017
C0012,BRA319,1272.787529,46.93201483,-61.07241,-4.4218
C0013,BRA319,845.8442325,48.62192118,-61.07573,-4.42497
C0014,BRA319,421.4416304,49.2103321,-61.07895,-4.42855
C0015,BRA319,19.9412594,48.92707046,-61.08202,-4.43181
C0016,BRA319,0,49.18842365,-61.08531,-4.43489
C0017,BRA319,0,48.73128834,-61.08872,-4.43791
C0018,BRA319,442.3555393,48.35265105,-61.0923,-4.4412
 C0019,BRA319,910.5599449,48.10656753,-61.09559,-4.44413
C0020,BRA319,1071.374101,47.60148515,-61.11219,-4.51607
C0021,BRA319,1446.01589,46.62407862,-61.11576,-4.51856
C0022,BRA319,1813.730041,44.99506173,-61.11926,-4.52095
 C0023,BRA319,2212.485886,46.33251534,-61.12291,-4.52378
C0024,BRA319,2623.165902,47.97539975,-61.1264,-4.5265
C0025,BRA319,3058.601598,48.73671199,-61.13011,-4.52908
C0026,BRA319,3486.515571,48.10864198,-61.13367,-4.53149
C0027,BRA319,3764.091154,47.47218789,-61.13717,-4.53357
C0028,BRA319,3300.899096,47.01485149,-61.14107,-4.53614
C0029,BRA319,2702.056249,48.53646477,-61.12251,-4.55671
C0030,BRA319,2427.430584,47.32512315,-61.1195,-4.55408
C0031,BRA319,2122.692769,48.23891626,-61.1158,-4.55123
C0032,BRA319,1850.078234,46.93150685,-61.11222,-4.54859
C0033,BRA319,1567.77067,44.9345679,-61.10907,-4.54521
C0034,BRA319,1215.034891,47.21331689,-61.10577,-4.54259
C0035,BRA319,716.9284793,47.39334155,-61.10205,-4.54006
C0036,BRA319,203.9542635,47.56049383,-61.09826,-4.5374
C0037,BRA319,0,44.40713407,-61.09477,-4.53508
C0038,BRA319,942.686082,61.17220172,-61.66309,-5.07565
C0039,BRA319,1408.570086,60.5726601,-61.66602,-5.07884
C0040,BRA319,1435.674439,60.64143921,-61.6692,-5.08196
C0041,BRA319,1135.473344,60.91122072,-61.6724,-5.08511
C0042,BRA319,972.439492,61.30445545,-61.67549,-5.08794
C0043,BRA319,907.1173159,61.95955882,-61.67871,-5.09085
C0044,BRA319,745.2164253,62.6007371,-61.68206,-5.09391
C0045,BRA319,0,61.76078915,-61.68838,-5.09955
C0047,BRA319,1167.826321,62.40543881,-61.67047,-5.1185
C0048,BRA319,1065.248497,62.5,-61.66731,-5.11569
C0049,BRA319,1005.15585,62.22962963,-61.66368,-5.11241
C0050,BRA319,951.1617761,61.9345679,-61.66161,-5.11032
C0051,BRA319,1012.336577,61.48161765,-61.65736,-5.10666
C0052,BRA319,1186.630058,60.74783684,-61.65421,-5.10328
C0053,BRA319,1584.073588,60.41943419,-61.65019,-5.10083
C0054,BRA319,1986.993652,60.52275523,-61.6466,-5.09744
C0055,BRA319,2212.86496,61.0086741,-61.6448,-5.09566
C0056,BRA319,1801.021725,63.75308642,-61.81535,-5.19862
C0057,BRA319,1410.641299,63.76885043,-61.8119,-5.19626
C0058,BRA319,944.5834423,63.75960347,-61.80802,-5.19334
C0059,BRA319,513.8981025,64.28924598,-61.80415,-5.19105
C0060,BRA319,80.74159623,64.47297297,-61.80072,-5.18863
C0061,BRA319,0,63.28078818,-61.79726,-5.18629
C0062,BRA319,0,63.77873918,-61.79335,-5.18385
C0063,BRA319,317.14597,64.2622549,-61.78984,-5.18152
C0065,BRA319,1947.523233,62.86559803,-61.80196,-5.22103
C0066,BRA319,1923.207435,61.53549191,-61.79833,-5.21887
C0067,BRA319,1754.809827,62.31734317,-61.79435,-5.21663
C0068,BRA319,1319.026065,64.0726601,-61.79061,-5.21454
C0069,BRA319,886.0471941,63.32718327,-61.78667,-5.2123
C0070,BRA319,504.99576,62.42537313,-61.78264,-5.21005
C0071,BRA319,263.6373169,61.96415328,-61.77892,-5.20773
C0072,BRA319,142.4692067,61.10987654,-61.77535,-5.20586
C0073,BRA319,0,61.20617284,-61.7714,-5.20338
C0074,BRA319,0,66.49378109,-62.09025,-5.41416
C0075,BRA319,0,66.98273736,-62.09193,-5.41758
C0076,BRA319,0,67.004914,-62.09402,-5.42184
C0077,BRA319,30.00050198,66.57267081,-62.0957,-5.42505
C0078,BRA319,192.5694747,66.61386139,-62.09758,-5.429
C0079,BRA319,452.7573283,66.50061805,-62.09973,-5.43327
C0080,BRA319,750.5231384,66.3603936,-62.10173,-5.43746
C0081,BRA319,1043.552298,66.34394125,-62.10378,-5.44167
C0082,BRA319,605.8087613,64.81717791,-62.10564,-5.44525
C0083,BRA319,0,67.97916667,-62.11461,-5.40207
C0084,BRA319,0,68.4345679,-62.117,-5.4056
C0085,BRA319,0,67.79480841,-62.1193,-5.40924
C0086,BRA319,0,67.09594096,-62.12158,-5.41305
C0087,BRA319,186.4781558,66.91935484,-62.12386,-5.41669
C0088,BRA319,697.1647742,67.35475896,-62.12618,-5.42086
C0089,BRA319,1202.91541,66.9102091,-62.12647,-5.42555
C0090,BRA319,1713.141426,66.40222772,-62.12825,-5.42985
C0091,BRA319,1626.946848,65.61528977,-62.12967,-5.43206
C0092,BRA319,2238.977844,66.00494438,-62.15848,-5.53769
C0093,BRA319,2600.707671,67.17364532,-62.16087,-5.54072
C0094,BRA319,3017.3569,66.78731343,-62.16363,-5.54419
C0095,BRA319,3438.011997,66.32054455,-62.1664,-5.54774
C0096,BRA319,3894.421424,67.34363412,-62.16931,-5.55159
C0097,BRA319,3938.156117,67.3125,-62.17168,-5.55491
C0098,BRA319,3467.129593,67.41307028,-62.17468,-5.55851
C0099,BRA319,3013.09258,67.6801968,-62.17751,-5.56213
C0100,BRA319,2548.793307,68.17079208,-62.18048,-5.56567
C0101,BRA319,1646.688612,67.19259259,-62.17977,-5.51721
C0102,BRA319,1495.960949,66.06511057,-62.1823,-5.5208
C0103,BRA319,1346.949409,66.83643123,-62.18483,-5.52424
C0104,BRA319,1209.072803,67.38071693,-62.18741,-5.52816
C0105,BRA319,1189.71852,67.13967862,-62.18896,-5.53224
C0106,BRA319,1162.1425,66.79484029,-62.19125,-5.53621
C0107,BRA319,1122.987781,67.96054254,-62.19373,-5.54023
C0108,BRA319,1043.730006,67.14655172,-62.19683,-5.54357
C0109,BRA319,900.7059789,67.09247842,-62.20047,-5.5462
C0110,BRA319,1398.832724,66.94409938,-62.1975,-5.54972
C0111,BRA319,2238.750983,47.13390663,-61.06103,-4.42837
C0112,BRA319,1881.091782,43.5599022,-61.06681,-4.42193
C0113,BRA319,697.9936789,49.08990148,-61.07684,-4.42628
C0114,BRA319,0,49.0815822,-61.08364,-4.43338
C0115,BRA319,116.0310626,48.53407683,-61.09002,-4.43913
C0116,BRA319,1034.54409,48.05569307,-61.09652,-4.44478
C0117,BRA319,745.2625472,48.78773006,-61.09007,-4.45243
C0118,BRA319,651.43757660000006,46.64009963,-61.08473,-4.45836
C0119,BRA319,1193.474169,47.79804162,-61.07848,-4.46499
C0120,BRA319,1940.349664,45.31513648,-61.07253,-4.47137
C0121,BRA319,847.6291229,45.41212871,-61.07092,-4.45874
C0122,BRA319,1196.401154,46.52275523,-61.06404,-4.4526
C0123,BRA319,1900.309279,47.30978934,-61.05757,-4.44654
C0124,BRA319,1284.523483,46.25898389,-61.11802,-4.50775
C0125,BRA319,1037.249955,47.90617284,-61.11243,-4.51434
C0126,BRA319,362.6675549,47.56034483,-61.10615,-4.52095
C0127,BRA319,0,43.70828183,-61.10037,-4.5282
C0128,BRA319,0,44.29382716,-61.09463,-4.53479
C0129,BRA319,713.5855471,47.4193154,-61.10208,-4.53997
C0130,BRA319,1561.270731,44.91212871,-61.10902,-4.54532
C0131,BRA319,2149.4715420000002,48.20915842,-61.11613,-4.55143
C0132,BRA319,2530.142052,48.86503067,-61.1232,-4.55961
C0133,BRA319,2824.330382,48.44154229,-61.12943,-4.54947
C0135,BRA319,3265.435056,46.94002448,-61.14128,-4.53639
C0136,BRA319,3636.050366,43.14567901,-61.14673,-4.52955
C0137,BRA319,3464.463683,48.12438424,-61.13351,-4.53123
C0138,BRA319,2615.384936,47.99753086,-61.12634,-4.52638
C0139,BRA319,1797.091106,45.07911001,-61.1191,-4.52082
C0140,BRA319,766.3726106,59.16810878,-61.66689,-5.06946
C0141,BRA319,928.0268061,61.21755253,-61.6627,-5.0757
C0142,BRA319,1430.218319,60.55092025,-61.65692,-5.08176
C0145,BRA319,1667.25698,60.46049383,-61.64939,-5.10017
C0146,BRA319,1039.673982,61.18835192,-61.65654,-5.10562
C0147,BRA319,1006.606759,62.21755253,-61.66331,-5.11216
C0148,BRA319,1130.975764,62.48648649,-61.67079,-5.11827
C0149,BRA319,302.1679863,62.78940887,-61.67628,-5.11239
C0150,BRA319,0,62.29166667,-61.68264,-5.1058
C0151,BRA319,0,61.6526576,-61.68885,-5.10004
C0152,BRA319,410.073434,57.8298397,-61.69508,-5.09387
C0153,BRA319,715.6911863,62.63930348,-61.68221,-5.09414
C0154,BRA319,969.1072062,61.29156328,-61.67558,-5.08802
C0155,BRA319,1419.456332,60.66666667,-61.66932,-5.08211
C0156,BRA319,1174.430161,53.86223862,-61.78992,-5.17139
C0157,BRA319,878.3436428,65.1318408,-61.78555,-5.17864
C0158,BRA319,758.2660182,65.03465347,-61.78069,-5.18645
C0159,BRA319,0,62.16397516,-61.77525,-5.19558
C0160,BRA319,0,61.10234279,-61.77121,-5.20311
C0161,BRA319,276.9676916,62.03703704,-61.779,-5.20787
C0162,BRA319,1775.902501,62.26477833,-61.79457,-5.2167
C0163,BRA319,1959.189458,63.06150062,-61.80228,-5.22117
C0164,BRA319,2388.26617,63.41387856,-61.80663,-5.21386
C0165,BRA319,2267.569068,62.94730392,-61.81167,-5.2057
C0166,BRA319,1781.993309,63.74567901,-61.81524,-5.19848
C0167,BRA319,1278.718574,53.56365884,-61.82056,-5.19051
C0168,BRA319,0,63.72580645,-61.79347,-5.18393
C0169,BRA319,138.4176167,64.66339066,-61.80115,-5.18897
C0170,BRA319,1027.227258,63.57777778,-61.8084,-5.19399
C0171,BRA319,267.4786224,63.75371287,-62.08285,-5.41706
C0172,BRA319,0,66.47906404,-62.09008,-5.41395
C0173,BRA319,193.9042663,66.93695921,-62.09808,-5.40994
C0174,BRA319,648.0803771,67.10933661,-62.10561,-5.40535
C0175,BRA319,0,67.86436498,-62.11353,-5.40119
C0176,BRA319,605.8087613,64.81717791,-62.10564,-5.44525
C0178,BRA319,0,66.65474723,-62.12254,-5.41489
C0179,BRA319,980.3650444,67.31311881,-62.1271,-5.42325
C0180,BRA319,1631.392743,65.68504902,-62.12926,-5.43196
C0181,BRA319,1113.05155,65.79310345,-62.12131,-5.4361
C0182,BRA319,886.4224735,66.36206897,-62.11329,-5.44036
C0183,BRA319,580.7143265,64.66131026,-62.10556,-5.44551
C0184,BRA319,295.3645158,60.31280788,-62.09892,-5.44929
C0185,BRA319,798.8970216,66.48399015,-62.10205,-5.43816
 C0186,BRA319,248.1249798,66.8606357,-62.09808,-5.42987
 C0187,BRA319,0,66.94704434,-62.09413,-5.42204
 C0188,BRA319,1815.420546,61.02337023,-62.15337,-5.54065
 C0189,BRA319,2117.218335,65.68014706,-62.15768,-5.53665
 C0190,BRA319,2083.430548,67.40543881,-62.164790000000004,-5.53027
 C0191,BRA319,2305.156577,67.92108508,-62.17288,-5.52328
 C0192,BRA319,1662.593989,67.25398773,-62.17959,-5.51706
 C0193,BRA319,1332.912199,66.83394834,-62.18496,-5.52423
 C0194,BRA319,1180.265549,67.12851897,-62.18904,-5.53221
C0195,BRA319,1119.441183,67.98159509,-62.19388,-5.54045
C0196,BRA319,914.1606447,67.11206897,-62.20047,-5.5464
 C0197,BRA319,1964.066121,68.17428925,-62.19379,-5.55325
C0198,BRA319,2175.962739,68.48702101,-62.18729,-5.55942
 C0199,BRA319,2599.405095,68.15241636,-62.18013,-5.56534
 C0200,BRA319,3018.24855,65.33168927,-62.17359,-5.57063
 C0201,BRA319,3530.588733,67.39360394,-62.17423,-5.55812
C0202,BRA319,3831.498131,67.25061425,-62.16886,-5.5512
C0203,BRA319,2955.939878,66.85537701,-62.16318,-5.5438
